﻿<?xml version="1.0" encoding="utf-8" ?>
<Defs>

<!--
  <ThoughtDef>
    <defName>AsexualLovin</defName>
    <durationDays>1</durationDays>
    <stackLimit>1</stackLimit>
    <stages>
      <li>
        <label>had to do lovin'</label>
        <description>My partner wanted to have sex. I put up with it.</description>
        <baseMoodEffect>-5</baseMoodEffect>
      </li>
    </stages>
  </ThoughtDef>
  
  -->

  <ThoughtDef>
    <defName>ColdFeetSharingBed</defName>
    <thoughtClass>Thought_Situational</thoughtClass>
    <workerClass>Gradual_Romance.ThoughtWorker_ColdFeetSharingBed</workerClass>
    <validWhileDespawned>false</validWhileDespawned>
    <stages>
      <li>
        <label>cold feet from sharing bed</label>
        <description>Things are moving WAY too fast! This relationship isn't strong enough to share a bed.</description>
        <baseMoodEffect>-3</baseMoodEffect>

      </li>
    </stages>
  </ThoughtDef>

  <ThoughtDef>
    <defName>SelfLoathingSuperficial</defName>
    <workerClass>Gradual_Romance.ThoughtWorker_SuperficialSelfLoathing</workerClass>
    <requiredTraits>
      <li>Superficial</li>
    </requiredTraits>
    <stackLimit>1</stackLimit>
    <stages>
      <li>
        <label>self-loathing from ugliness</label>
        <description>I'm HIDEOUS!</description>
        <baseMoodEffect>-10</baseMoodEffect>
      </li>
    </stages>
  </ThoughtDef>

  <ThoughtDef>
    <defName>SelfLoathingHomophobic</defName>
    <workerClass>Gradual_Romance.ThoughtWorker_HomophobicSelfLoathing</workerClass>
    <requiredTraits>
      <li>Homophobic</li>
    </requiredTraits>
    <stackLimit>1</stackLimit>
    <stages>
      <li>
        <label>self-loathing from homophobia</label>
        <description>I can't control my perverted, homosexual thoughts!</description>
        <baseMoodEffect>-10</baseMoodEffect>
      </li>
    </stages>
  </ThoughtDef>
  
</Defs>