﻿<?xml version="1.0" encoding="utf-8" ?>
<Defs>

	<EffecterDef>
		<defName>ProgressBar</defName>
		<children>
			<li>
				<subEffecterClass>SubEffecter_ProgressBar</subEffecterClass>
        <moteDef>Mote_ProgressBar</moteDef>
			</li>
		</children>
	</EffecterDef>
  
	<EffecterDef>
		<defName>Research</defName>
		<children>
		<li>
			<subEffecterClass>SubEffecter_Sustainer</subEffecterClass>
			<soundDef>Interact_Research</soundDef>
		</li>
		<li>
			<subEffecterClass>SubEffecter_SprayerContinuous</subEffecterClass>
			<burstCount>
				<min>2</min>
				<max>4</max>
			</burstCount>
			<positionRadius>0.5</positionRadius>
			<scale>
				<min>1</min>
				<max>1</max>
			</scale>
			<ticksBetweenMotes>500</ticksBetweenMotes>
			<positionLerpFactor>1</positionLerpFactor>
      <moteDef>Mote_AirPuff</moteDef>
		</li>
		</children>
	</EffecterDef>

  <EffecterDef>
		<defName>Repair</defName>
		<children>
			<li>
				<subEffecterClass>SubEffecter_Sustainer</subEffecterClass>
				<soundDef>Interact_Repair</soundDef>
				<ticksBeforeSustainerStart>35</ticksBeforeSustainerStart>
			</li>
			<li>
				<subEffecterClass>SubEffecter_SprayerChance</subEffecterClass>
        <moteDef>Mote_SparkFlash</moteDef>
				<spawnLocType>BetweenTouchingCells</spawnLocType>
				<positionLerpFactor>0.49</positionLerpFactor>
				<chancePerTick>0.2</chancePerTick>
				<scale>
					<min>2.5</min>
					<max>3.5</max>
				</scale>
			</li>
			<li>
				<subEffecterClass>SubEffecter_SprayerChance</subEffecterClass>
        <moteDef>Mote_SparkThrown</moteDef>
				<spawnLocType>BetweenTouchingCells</spawnLocType>
				<positionLerpFactor>0.49</positionLerpFactor>
				<chancePerTick>0.2</chancePerTick>
				<scale>
					<min>0.24</min>
					<max>0.34</max>
				</scale>
        <airTime>
          <min>0.08</min>
          <max>0.16</max>
        </airTime>
				<rotationRate>
					<min>-240</min>
					<max>240</max>
				</rotationRate>
				<speed>
					<min>7.2</min>
					<max>24</max>
				</speed>
				<angle>
					<min>135</min>
					<max>225</max>
				</angle>
				<positionRadius>0.02</positionRadius>
			</li>
		</children>
	</EffecterDef>

	<EffecterDef>
		<defName>Mine</defName>
		<children>
			<li>
				<subEffecterClass>SubEffecter_SoundTriggered</subEffecterClass>
				<soundDef>PickHit</soundDef>
			</li>
			<li>
				<subEffecterClass>SubEffecter_SprayerTriggered</subEffecterClass>
        <moteDef>Mote_SparkFlash</moteDef>
				<spawnLocType>BetweenTouchingCells</spawnLocType>
				<positionLerpFactor>0.6</positionLerpFactor>
				<chancePerTick>0.2</chancePerTick>
				<scale>
					<min>2.5</min>
					<max>4.5</max>
				</scale>
			</li>
		</children>
	</EffecterDef>

  <EffecterDef>
    <defName>Drill</defName>
    <children>
      <li>
        <subEffecterClass>SubEffecter_Sustainer</subEffecterClass>
        <soundDef>Interact_Drill</soundDef>
      </li>
      <li>
        <subEffecterClass>SubEffecter_SprayerChance</subEffecterClass>
        <moteDef>Mote_DustSlow</moteDef>
        <ticksBetweenMotes>60</ticksBetweenMotes>
        <scale>
          <min>1.6</min>
          <max>2.0</max>
        </scale>
        <rotationRate>
          <min>-5</min>
          <max>5</max>
        </rotationRate>
        <angle>
          <min>30</min>
          <max>60</max>
        </angle>
        <speed>
          <min>0.4</min>
          <max>0.9</max>
        </speed>
      </li>
    </children>
  </EffecterDef>

  <SoundDef>
    <defName>Interact_Drill</defName>
    <sustain>True</sustain>
    <context>MapOnly</context>
    <eventNames />
    <maxSimultaneous>1</maxSimultaneous>
    <priorityMode>PrioritizeNearest</priorityMode>
    <subSounds>
      <li>
        <muteWhenPaused>True</muteWhenPaused>
        <grains>
          <li Class="AudioGrain_Clip">
            <clipPath>Interact/Work/Drill/Drill_loop</clipPath>
          </li>
        </grains>
        <volumeRange>
          <min>6</min>
          <max>6</max>
        </volumeRange>
        <pitchRange>
          <min>0.93</min>
          <max>1.07</max>
        </pitchRange>
        <distRange>
          <min>25</min>
          <max>40</max>
        </distRange>
        <sustainLoopDurationRange>
          <min>9999</min>
          <max>9999</max>
        </sustainLoopDurationRange>
        <sustainAttack>1.1</sustainAttack>
      </li>
    </subSounds>
  </SoundDef>
  
	<!--========================== Interact symbols ===========================-->
  
	<EffecterDef>
		<defName>Sow</defName>
		<children>
			<li>
				<subEffecterClass>SubEffecter_InteractSymbol</subEffecterClass>
        <moteDef>Mote_Sow</moteDef>
			</li>
		</children>
	</EffecterDef>

	<EffecterDef>
		<defName>Harvest</defName>
		<children>
			<li>
				<subEffecterClass>SubEffecter_InteractSymbol</subEffecterClass>
        <moteDef>Mote_Harvest</moteDef>
			</li>
		</children>
	</EffecterDef>

	<EffecterDef>
		<defName>Clean</defName>
		<children>
			<li>
				<subEffecterClass>SubEffecter_InteractSymbol</subEffecterClass>
        <moteDef>Mote_Clean</moteDef>
			</li>
		</children>
	</EffecterDef>

  <EffecterDef>
    <defName>ClearSnow</defName>
    <children>
      <li>
        <subEffecterClass>SubEffecter_InteractSymbol</subEffecterClass>
        <moteDef>Mote_ClearSnow</moteDef>
      </li>
    </children>
  </EffecterDef>

</Defs>