﻿<?xml version="1.0" encoding="utf-8" ?>
<Defs>

  <!--=============== Interface feedback ==============-->

  <ThingDef ParentName="MoteBase" Name="MoteFeedbackBase" Abstract="True">
    <altitudeLayer>MetaOverlays</altitudeLayer>
    <mote>
      <realTime>true</realTime>
      <solidTime>0.25</solidTime>
      <fadeOutTime>0.15</fadeOutTime>
      <growthRate>-0.3</growthRate>
    </mote>
    <graphicData>
      <drawSize>1.25</drawSize>
    </graphicData>
  </ThingDef>
  
  <ThingDef ParentName="MoteFeedbackBase">
    <defName>Mote_FeedbackGoto</defName>
    <graphicData>
      <texPath>Things/Mote/FeedbackGoto</texPath>
    </graphicData>
  </ThingDef>

  <ThingDef ParentName="MoteFeedbackBase">
    <defName>Mote_FeedbackShoot</defName>
    <graphicData>
      <texPath>Things/Mote/FeedbackShoot</texPath>
    </graphicData>
  </ThingDef>

  <ThingDef ParentName="MoteFeedbackBase">
    <defName>Mote_FeedbackMelee</defName>
    <graphicData>
      <texPath>Things/Mote/FeedbackMelee</texPath>
    </graphicData>
  </ThingDef>

  <ThingDef ParentName="MoteFeedbackBase">
    <defName>Mote_FeedbackEquip</defName>
    <graphicData>
      <texPath>Things/Mote/FeedbackEquip</texPath>
    </graphicData>
  </ThingDef>

  <ThingDef ParentName="MoteFeedbackBase">
    <defName>Mote_FeedbackExtinguish</defName>
    <graphicData>
      <texPath>Things/Mote/FeedbackExtinguish</texPath>
    </graphicData>
  </ThingDef>

  <!--=============== Activity icons ================-->

  <ThingDef ParentName="MoteBase">
    <defName>Mote_Clean</defName>
    <thingClass>MoteDualAttached</thingClass>
    <altitudeLayer>MetaOverlays</altitudeLayer>
    <mote>
      <solidTime>600</solidTime>
    </mote>
    <graphicData>
      <texPath>Things/Mote/Clean</texPath>
    </graphicData>
  </ThingDef>

  <ThingDef ParentName="MoteBase">
    <defName>Mote_Sow</defName>
    <thingClass>MoteDualAttached</thingClass>
    <altitudeLayer>MetaOverlays</altitudeLayer>
    <mote>
      <solidTime>600</solidTime>
    </mote>
    <graphicData>
      <texPath>Things/Mote/Sow</texPath>
    </graphicData>
  </ThingDef>

  <ThingDef ParentName="MoteBase">
    <defName>Mote_Harvest</defName>
    <thingClass>MoteDualAttached</thingClass>
    <altitudeLayer>MetaOverlays</altitudeLayer>
    <mote>
      <solidTime>600</solidTime>
    </mote>
    <graphicData>
      <texPath>Things/Mote/Harvest</texPath>
    </graphicData>
  </ThingDef>

  <ThingDef ParentName="MoteBase">
    <defName>Mote_ClearSnow</defName>
    <thingClass>MoteDualAttached</thingClass>
    <altitudeLayer>MetaOverlays</altitudeLayer>
    <mote>
      <solidTime>600</solidTime>
    </mote>
    <graphicData>
      <texPath>Things/Mote/ClearSnow</texPath>
    </graphicData>
  </ThingDef>
  
  <ThingDef ParentName="MoteBase">
    <defName>Mote_Cards</defName>
    <thingClass>MoteDualAttached</thingClass>
    <altitudeLayer>MetaOverlays</altitudeLayer>
    <mote>
      <solidTime>600</solidTime>
      <rotateTowardsTarget>true</rotateTowardsTarget>
    </mote>
    <graphicData>
      <texPath>Things/Mote/Cards</texPath>
    </graphicData>
  </ThingDef>

</Defs>
