﻿<?xml version="1.0" encoding="utf-8" ?>
<Defs>

  <!--
  <PawnRelationDef>
    public class RomanticRelationExtension : DefModExtension
    {
        public float baseAffairReluctance = 1f;
        public bool isFormalRelationship;
        public bool goesOnDates;
        public bool sharesBed;
        public bool doesLovin;
        public bool caresAboutCheating;
        public List<ThoughtCondition> conditions = new List<ThoughtCondition>() { };
        public int relationshipLevel;
    }

    public class ThoughtCondition
    {
        public ThoughtDef thought;
        public int numberRequired;
    }
  </PawnRelationDef>
  -->
  <!--
        public string newRelationshipLetterText;
        public string newRelationshipTitleText;
        public PawnRelationDef ex;
    
    -->

  <PawnRelationDef>
    <!--<workerClass>Gradual_Romance.PawnRelationWorker_Sweetheart</workerClass>-->
    <defName>Sweetheart</defName>
    <label>sweetheart</label>
    <importance>190</importance>
    <opinionOffset>10</opinionOffset>
    <implied>false</implied>
    <reflexive>true</reflexive>
    <modExtensions>
      <li Class ="Gradual_Romance.RomanticRelationExtension">
        <newRelationshipLetterText>NewSweetheartsText</newRelationshipLetterText>
        <newRelationshipTitleText>NewSweetheartsLabel</newRelationshipTitleText>
        <relationshipLevel>1</relationshipLevel>
        <decayable>true</decayable>
        <baseAffairReluctance>0.85</baseAffairReluctance>
        <isFormalRelationship>false</isFormalRelationship>
        <goesOnDates>true</goesOnDates>
        <sharesBed>false</sharesBed>
        <doesLovin>false</doesLovin>
        <caresAboutCheating>false</caresAboutCheating>
        <breakupIntensity>0.5</breakupIntensity>
        <conditions>
          <li>
            <thought>RomanticTension</thought>
            <numberRequired>2</numberRequired>
          </li>
        </conditions>
      </li>
    </modExtensions>
  </PawnRelationDef>
  
  <PawnRelationDef>
    <!--<workerClass>Gradual_Romance.PawnRelationWorker_LoveBuddy</workerClass>-->
    <defName>Lovebuddy</defName>
    <label>lovebuddy</label>
    <importance>185</importance>
    <opinionOffset>5</opinionOffset>
    <implied>false</implied>
    <reflexive>true</reflexive>
      <modExtensions>
        <li Class ="Gradual_Romance.RomanticRelationExtension">
          <newRelationshipLetterText>NewLovebuddiesText</newRelationshipLetterText>
          <newRelationshipTitleText>NewLovebuddiesLabel</newRelationshipTitleText>
          <relationshipLevel>1</relationshipLevel>
          <baseAffairReluctance>1</baseAffairReluctance>
          <decayable>true</decayable>
          <isFormalRelationship>false</isFormalRelationship>
          <goesOnDates>false</goesOnDates>
          <sharesBed>false</sharesBed>
          <doesLovin>true</doesLovin>
          <caresAboutCheating>false</caresAboutCheating>
          <breakupIntensity>0.1</breakupIntensity>
          <conditions>
            <li>
              <thought>SexualTension</thought>
              <numberRequired>2</numberRequired>
            </li>
          </conditions>
        </li>
      </modExtensions>
  </PawnRelationDef>

  <PawnRelationDef>
    <!--<workerClass>Gradual_Romance.PawnRelationWorker_LoveBuddy</workerClass>-->
    <defName>Steady</defName>
    <label>steady</label>
    <importance>187</importance>
    <opinionOffset>5</opinionOffset>
    <implied>false</implied>
    <reflexive>true</reflexive>
    <modExtensions>
      <li Class ="Gradual_Romance.RomanticRelationExtension">
        <newRelationshipLetterText>NewSteadyText</newRelationshipLetterText>
        <newRelationshipTitleText>NewSteadyLabel</newRelationshipTitleText>
        <relationshipLevel>1</relationshipLevel>
        <baseAffairReluctance>1</baseAffairReluctance>
        <decayable>true</decayable>
        <isFormalRelationship>false</isFormalRelationship>
        <goesOnDates>true</goesOnDates>
        <sharesBed>false</sharesBed>
        <doesLovin>false</doesLovin>
        <caresAboutCheating>false</caresAboutCheating>
        <breakupIntensity>0.25</breakupIntensity>
        <conditions>
          <li>
            <thought>LogicalTension</thought>
            <numberRequired>2</numberRequired>
          </li>
        </conditions>
      </li>
    </modExtensions>
  </PawnRelationDef>

  <PawnRelationDef>
    <!--<workerClass>Gradual_Romance.PawnRelationWorker_LoveFriend</workerClass>-->
    <defName>Suitor</defName>
    <label>suitor</label>
    <importance>192</importance>
    <diedThought>MyLoverDied</diedThought>
    <killedThought>KilledMyLover</killedThought>
    <soldThought>SoldMyLovedOne</soldThought>
    <opinionOffset>12</opinionOffset>
    <implied>false</implied>
    <reflexive>true</reflexive>
    <modExtensions>
      <li Class ="Gradual_Romance.RomanticRelationExtension">
        <newRelationshipLetterText>NewSuitorText</newRelationshipLetterText>
        <newRelationshipTitleText>NewSuitorLabel</newRelationshipTitleText>
        <relationshipLevel>2</relationshipLevel>
        <baseAffairReluctance>0.75</baseAffairReluctance>
        <decayable>true</decayable>
        <isFormalRelationship>false</isFormalRelationship>
        <goesOnDates>true</goesOnDates>
        <sharesBed>false</sharesBed>
        <doesLovin>true</doesLovin>
        <caresAboutCheating>false</caresAboutCheating>
        <breakupIntensity>0.5</breakupIntensity>
        <conditions>
          <li>
            <thought>LogicalTension</thought>
            <numberRequired>4</numberRequired>
          </li>
        </conditions>
      </li>
    </modExtensions>
  </PawnRelationDef>

  <PawnRelationDef>
    <!--<workerClass>Gradual_Romance.PawnRelationWorker_LoveFriend</workerClass>-->
    <defName>Paramour</defName>
    <label>paramour</label>
    <importance>194</importance>
    <diedThought>MyLoverDied</diedThought>
    <killedThought>KilledMyLover</killedThought>
    <soldThought>SoldMyLovedOne</soldThought>
    <opinionOffset>20</opinionOffset>
    <implied>false</implied>
    <reflexive>true</reflexive>

    <modExtensions>
      <li Class ="Gradual_Romance.RomanticRelationExtension">
        <breakupIntensity>0.9</breakupIntensity>
        <newRelationshipLetterText>NewParamoursText</newRelationshipLetterText>
        <newRelationshipTitleText>NewParamoursLabel</newRelationshipTitleText>
        <relationshipLevel>2</relationshipLevel>
        <baseAffairReluctance>0.75</baseAffairReluctance>
        <decayable>true</decayable>
        <isFormalRelationship>false</isFormalRelationship>
        <goesOnDates>true</goesOnDates>
        <sharesBed>false</sharesBed>
        <doesLovin>true</doesLovin>
        <caresAboutCheating>false</caresAboutCheating>
        <conditions>
          <li>
            <thought>SexualTension</thought>
            <numberRequired>2</numberRequired>
          </li>
          <li>
            <thought>RomanticTension</thought>
            <numberRequired>2</numberRequired>
          </li>
        </conditions>
      </li>
    </modExtensions>
  </PawnRelationDef>

  <PawnRelationDef>
    <!--<workerClass>Gradual_Romance.PawnRelationWorker_LoveFriend</workerClass>-->
    <defName>Flame</defName>
    <label>flame</label>
    <importance>191</importance>
    <diedThought>MyLoverDied</diedThought>
    <killedThought>KilledMyLover</killedThought>
    <soldThought>SoldMyLovedOne</soldThought>
    <opinionOffset>15</opinionOffset>
    <implied>false</implied>
    <reflexive>true</reflexive>

    <modExtensions>
      <li Class ="Gradual_Romance.RomanticRelationExtension">
        <breakupIntensity>0.35</breakupIntensity>
        <newRelationshipLetterText>NewFlameText</newRelationshipLetterText>
        <newRelationshipTitleText>NewFlameLabel</newRelationshipTitleText>
        <relationshipLevel>2</relationshipLevel>
        <baseAffairReluctance>0.95</baseAffairReluctance>
        <decayable>true</decayable>
        <isFormalRelationship>false</isFormalRelationship>
        <goesOnDates>false</goesOnDates>
        <sharesBed>false</sharesBed>
        <doesLovin>true</doesLovin>
        <caresAboutCheating>false</caresAboutCheating>
        <conditions>
          <li>
            <thought>SexualTension</thought>
            <numberRequired>4</numberRequired>
          </li>
        </conditions>
      </li>
    </modExtensions>
  </PawnRelationDef>

  <PawnRelationDef>
    <!--<workerClass>Gradual_Romance.PawnRelationWorker_LoveFriend</workerClass>-->
    <defName>Darling</defName>
    <label>darling</label>
    <importance>193</importance>
    <diedThought>MyLoverDied</diedThought>
    <killedThought>KilledMyLover</killedThought>
    <soldThought>SoldMyLovedOne</soldThought>
    <opinionOffset>20</opinionOffset>
    <implied>false</implied>
    <reflexive>true</reflexive>

    <modExtensions>
      <li Class ="Gradual_Romance.RomanticRelationExtension">
        <breakupIntensity>0.75</breakupIntensity>
        <newRelationshipLetterText>NewDarlingText</newRelationshipLetterText>
        <newRelationshipTitleText>NewDarlingLabel</newRelationshipTitleText>
        <relationshipLevel>2</relationshipLevel>
        <baseAffairReluctance>0.06</baseAffairReluctance>
        <decayable>true</decayable>
        <isFormalRelationship>false</isFormalRelationship>
        <goesOnDates>true</goesOnDates>
        <sharesBed>false</sharesBed>
        <doesLovin>false</doesLovin>
        <caresAboutCheating>false</caresAboutCheating>
        <conditions>
          <li>
            <thought>RomanticTension</thought>
            <numberRequired>4</numberRequired>
          </li>
        </conditions>
      </li>
    </modExtensions>
  </PawnRelationDef>

  <PawnRelationDef>
    <!--<workerClass>Gradual_Romance.PawnRelationWorker_LoveFriend</workerClass>-->
    <defName>Lovefriend</defName>
    <label>boyfriend</label>
    <labelFemale>girlfriend</labelFemale>
    <importance>195</importance>
	<diedThought>MyLoverDied</diedThought>
    <killedThought>KilledMyLover</killedThought>
	<soldThought>SoldMyLovedOne</soldThought>
    <opinionOffset>20</opinionOffset>
    <implied>false</implied>
    <reflexive>true</reflexive>
    <modExtensions>
      <li Class ="Gradual_Romance.RomanticRelationExtension">
        <ex>ExLovefriend</ex>
        <relationshipLevel>10</relationshipLevel>
        <baseAffairReluctance>0.5</baseAffairReluctance>
        <isFormalRelationship>true</isFormalRelationship>
        <goesOnDates>true</goesOnDates>
        <sharesBed>false</sharesBed>
        <doesLovin>true</doesLovin>
        <breakupIntensity>1</breakupIntensity>
        <caresAboutCheating>true</caresAboutCheating>
      </li>
    </modExtensions>
  </PawnRelationDef>
  
  <PawnRelationDef>
    <defName>ExLovefriend</defName>
    <!--<workerClass>PawnRelationWorker_ExLovefriend</workerClass>-->
    <label>ex-boyfriend</label>
	<labelFemale>ex-girlfriend</labelFemale>
    <importance>125</importance>
    <opinionOffset>-10</opinionOffset>
    <implied>false</implied>
    <reflexive>true</reflexive>
  </PawnRelationDef>

  <!-- spouse / lover 

  <PawnRelationDef>
    <workerClass>PawnRelationWorker_Spouse</workerClass>
    <defName>Spouse</defName>
    <label>husband</label>
    <labelFemale>wife</labelFemale>
    <importance>210</importance>
    <diedThought>MyHusbandDied</diedThought>
    <diedThoughtFemale>MyWifeDied</diedThoughtFemale>
    <killedThought>KilledMySpouse</killedThought>
    <soldThought>SoldMyLovedOne</soldThought>
    <opinionOffset>30</opinionOffset>
    <generationChanceFactor>0.4</generationChanceFactor>
    <implied>false</implied>
    <reflexive>true</reflexive>
  </PawnRelationDef>
  
  <PawnRelationDef>
    <workerClass>PawnRelationWorker_Fiance</workerClass>
    <defName>Fiance</defName>
    <label>fiance</label>
    <labelFemale>fiancée</labelFemale>
    <importance>205</importance>
    <diedThought>MyFianceDied</diedThought>
    <diedThoughtFemale>MyFianceeDied</diedThoughtFemale>
    <killedThought>KilledMyFiance</killedThought>
    <soldThought>SoldMyLovedOne</soldThought>
    <opinionOffset>35</opinionOffset>
    <generationChanceFactor>0.08</generationChanceFactor>
    <implied>false</implied>
    <reflexive>true</reflexive>
  </PawnRelationDef>
  
  <PawnRelationDef>
    <workerClass>PawnRelationWorker_Lover</workerClass>
    <defName>Lover</defName>
    <label>lover</label>
    <importance>200</importance>
    <diedThought>MyLoverDied</diedThought>
    <killedThought>KilledMyLover</killedThought>
    <soldThought>SoldMyLovedOne</soldThought>
    <opinionOffset>35</opinionOffset>
    <generationChanceFactor>0.35</generationChanceFactor>
    <implied>false</implied>
    <reflexive>true</reflexive>
  </PawnRelationDef>
  

  
  <PawnRelationDef>
    <workerClass>PawnRelationWorker_Stepparent</workerClass>
    <defName>Stepparent</defName>
    <label>stepfather</label>
    <labelFemale>stepmother</labelFemale>
    <importance>150</importance>
    <opinionOffset>5</opinionOffset>
    <implied>true</implied>
  </PawnRelationDef>
  
  <PawnRelationDef>
    <workerClass>PawnRelationWorker_Stepchild</workerClass>
    <defName>Stepchild</defName>
    <label>stepson</label>
    <labelFemale>stepdaughter</labelFemale>
    <importance>145</importance>
    <opinionOffset>5</opinionOffset>
    <implied>true</implied>
  </PawnRelationDef>

  
  <PawnRelationDef>
    <workerClass>PawnRelationWorker_ParentInLaw</workerClass>
    <defName>ParentInLaw</defName>
    <label>father-in-law</label>
    <labelFemale>mother-in-law</labelFemale>
    <importance>140</importance>
    <opinionOffset>5</opinionOffset>
    <implied>true</implied>
  </PawnRelationDef>
  
  <PawnRelationDef>
    <workerClass>PawnRelationWorker_ChildInLaw</workerClass>
    <defName>ChildInLaw</defName>
    <label>son-in-law</label>
    <labelFemale>daughter-in-law</labelFemale>
    <importance>135</importance>
    <opinionOffset>5</opinionOffset>
    <implied>true</implied>
  </PawnRelationDef>
  

  
  <PawnRelationDef>
    <defName>ExSpouse</defName>
    <workerClass>PawnRelationWorker_ExSpouse</workerClass>
    <label>ex-husband</label>
    <labelFemale>ex-wife</labelFemale>
    <importance>130</importance>
    <opinionOffset>-15</opinionOffset>
    <generationChanceFactor>0.09</generationChanceFactor>
    <implied>false</implied>
    <reflexive>true</reflexive>
  </PawnRelationDef>
  
  <PawnRelationDef>
    <defName>ExLover</defName>
    <workerClass>PawnRelationWorker_ExLover</workerClass>
    <label>ex-lover</label>
    <importance>125</importance>
    <opinionOffset>-15</opinionOffset>
    <generationChanceFactor>0.1</generationChanceFactor>
    <implied>false</implied>
    <reflexive>true</reflexive>
  </PawnRelationDef>
  
  -->
  
</Defs>


