<?xml version="1.0" encoding="utf-8"?>
<Defs>

  <RoadWorldLayerDef>
    <defName>Outline</defName>
    <order>0</order>
    <color>(0.1, 0.1, 0.1)</color>
  </RoadWorldLayerDef>
  
  <RoadWorldLayerDef>
    <defName>Dirt</defName>
    <order>100</order>
    <color>(0.5, 0.4, 0.3)</color>
  </RoadWorldLayerDef>

  <RoadWorldLayerDef>
    <defName>Stone</defName>
    <order>200</order>
    <color>(0.4, 0.4, 0.4)</color>
  </RoadWorldLayerDef>

  <RoadWorldLayerDef>
    <defName>Gravel</defName>
    <order>300</order>
    <color>(0.5, 0.5, 0.5)</color>
  </RoadWorldLayerDef>

  <RoadWorldLayerDef>
    <defName>Asphalt</defName>
    <order>400</order>
    <color>(0.3, 0.3, 0.3)</color>
  </RoadWorldLayerDef>
  
</Defs>
