﻿<?xml version="1.0" encoding="utf-8" ?>
<Defs>

  <MapGeneratorDef ParentName="MapCommonBase">
    <defName>EscapeShip</defName>
    <genSteps>
      <li>RocksFromGrid</li>
      <li>ScatterDeepResourceLumps</li>
      <li>EscapeShip</li>
    </genSteps>
  </MapGeneratorDef>
  
  <!-- Landed ship -->
  <GenStepDef>
    <defName>EscapeShip</defName>
    <order>400</order>
    <genStep Class="GenStep_EscapeShip">
      <count>1</count>
      <nearMapCenter>true</nearMapCenter>
    </genStep>
  </GenStepDef>
  
</Defs>
