﻿<?xml version="1.0" encoding="utf-8" ?>
<Defs>

  <PawnGroupKindDef>
    <defName>Combat</defName>
    <workerClass>PawnGroupKindWorker_Normal</workerClass>
  </PawnGroupKindDef>
  
  <PawnGroupKindDef>
    <defName>Trader</defName>
    <workerClass>PawnGroupKindWorker_Trader</workerClass>
  </PawnGroupKindDef>

  <PawnGroupKindDef>
    <defName>Peaceful</defName>
    <workerClass>PawnGroupKindWorker_Normal</workerClass>
  </PawnGroupKindDef>

  <PawnGroupKindDef>
    <defName>Settlement</defName>
    <workerClass>PawnGroupKindWorker_Normal</workerClass>
  </PawnGroupKindDef>
  
</Defs>
