﻿<?xml version="1.0" encoding="utf-8" ?>

<Defs>
  <IncidentTargetTagDef>
    <defName>Map_PlayerHome</defName>
  </IncidentTargetTagDef>
  
  <IncidentTargetTagDef>
    <defName>Map_TempIncident</defName>
  </IncidentTargetTagDef>

  <IncidentTargetTagDef>
    <defName>Map_Misc</defName>
  </IncidentTargetTagDef>

  <IncidentTargetTagDef>
    <defName>Map_RaidBeacon</defName>
  </IncidentTargetTagDef>

  <IncidentTargetTagDef>
    <defName>Caravan</defName>
  </IncidentTargetTagDef>

  <IncidentTargetTagDef>
    <defName>World</defName>
  </IncidentTargetTagDef>
</Defs>
