﻿<?xml version="1.0" encoding="utf-8" ?>
<Defs>

  <TerrainDef Abstract="True" ParentName="FloorBase" Name="TileStoneBase">
    <renderPrecedence>220</renderPrecedence>
    <description>Carefully-cut and fit stone tiles for a castle feeling. They are pretty to look at, but they take a long time to lay.</description>
    <texturePath>Terrain/Surfaces/TileStone</texturePath>
    <statBases>
      <WorkToBuild>1100</WorkToBuild>
      <Beauty>1</Beauty>
    </statBases>
    <designatorDropdown>Floor_Tile</designatorDropdown>
    <researchPrerequisites>
      <li>Stonecutting</li>
    </researchPrerequisites>
    <constructionSkillPrerequisite>3</constructionSkillPrerequisite>
  </TerrainDef>
  
  <TerrainDef ParentName="TileStoneBase">
    <defName>TileSandstone</defName>
    <label>sandstone tile</label>
    <color>(126,104,94)</color>
    <costList>
      <BlocksSandstone>4</BlocksSandstone>
    </costList>
  </TerrainDef>

  <TerrainDef ParentName="TileStoneBase">
    <defName>TileGranite</defName>
    <label>granite tile</label>
    <color>(105,95,97)</color>
    <costList>
      <BlocksGranite>4</BlocksGranite>
    </costList>
  </TerrainDef>

  <TerrainDef ParentName="TileStoneBase">
    <defName>TileLimestone</defName>
    <label>limestone tile</label>
    <color>(158,153,135)</color>
    <costList>
      <BlocksLimestone>4</BlocksLimestone>
    </costList>
  </TerrainDef>

  <TerrainDef ParentName="TileStoneBase">
    <defName>TileSlate</defName>
    <label>slate tile</label>
    <color>(100,100,100)</color>
    <costList>
      <BlocksSlate>4</BlocksSlate>
  </costList>
  </TerrainDef>

  <TerrainDef ParentName="TileStoneBase">
    <defName>TileMarble</defName>
    <label>marble tile</label>
    <color>(132,135,132)</color>
    <costList>
      <BlocksMarble>4</BlocksMarble>
    </costList>
  </TerrainDef>

	<TerrainDef Abstract="True" ParentName="FloorBase" Name="FlagstoneBase">
		<renderPrecedence>220</renderPrecedence>
		<description>Roughly-cut stone tiles. These are not beautiful, but they make good surfaces for roads and outdoor walkways. Deconstructing flagstone yields no resources.</description>
		<texturePath>Terrain/Surfaces/Flagstone</texturePath>
		<resourcesFractionWhenDeconstructed>0</resourcesFractionWhenDeconstructed>
		<statBases>
			<WorkToBuild>500</WorkToBuild>
			<Beauty>0</Beauty>
		</statBases>
    <designatorDropdown>Floor_Flagstone</designatorDropdown>
    <tags>
      <li>Road</li>
    </tags>
	</TerrainDef>

	<TerrainDef ParentName="FlagstoneBase">
		<defName>FlagstoneSandstone</defName>
		<label>sandstone flagstone</label>
		<color>(126,104,94)</color>
		<costList>
			<BlocksSandstone>4</BlocksSandstone>
		</costList>
	</TerrainDef>

	<TerrainDef ParentName="FlagstoneBase">
		<defName>FlagstoneGranite</defName>
		<label>granite flagstone</label>
		<color>(105,95,97)</color>
		<costList>
			<BlocksGranite>4</BlocksGranite>
		</costList>
	</TerrainDef>

	<TerrainDef ParentName="FlagstoneBase">
		<defName>FlagstoneLimestone</defName>
		<label>limestone flagstone</label>
		<color>(158,153,135)</color>
		<costList>
			<BlocksLimestone>4</BlocksLimestone>
		</costList>
	</TerrainDef>

	<TerrainDef ParentName="FlagstoneBase">
		<defName>FlagstoneSlate</defName>
		<label>slate flagstone</label>
		<color>(105,105,105)</color>
		<costList>
			<BlocksSlate>4</BlocksSlate>
		</costList>
	</TerrainDef>

	<TerrainDef ParentName="FlagstoneBase">
		<defName>FlagstoneMarble</defName>
		<label>marble flagstone</label>
		<color>(132,135,132)</color>
		<costList>
			<BlocksMarble>4</BlocksMarble>
		</costList>
	</TerrainDef>
	
</Defs>
