﻿<?xml version="1.0" encoding="utf-8" ?>
<Defs>

  <!-- Standard soils -->

  <TerrainDef>
    <defName>Soil</defName>
    <label>soil</label>
    <texturePath>Terrain/Surfaces/Soil</texturePath>
    <edgeType>FadeRough</edgeType>
    <renderPrecedence>340</renderPrecedence>
    <pathCost>2</pathCost>
    <statBases>
      <Beauty>-1</Beauty>
      <Cleanliness>-1</Cleanliness>
    </statBases>
    <scatterType>Rocky</scatterType>
    <affordances>
      <li>Light</li>
      <li>Medium</li>
      <li>Heavy</li>
      <li>GrowSoil</li>
      <li>Diggable</li>
    </affordances>
    <generatedFilth>Filth_Dirt</generatedFilth>
    <fertility>1.0</fertility>
    <takeFootprints>True</takeFootprints>
    <tools>
      <li>
        <label>dirt</label>
        <capacities>
          <li>KickMaterialInEyes</li>
        </capacities>
        <hediff>DirtInEyes</hediff>
        <cooldownTime>1.5</cooldownTime>
      </li>
    </tools>
  </TerrainDef>

  <TerrainDef>
    <defName>MossyTerrain</defName>
    <label>lichen-covered soil</label>
    <texturePath>Terrain/Surfaces/Mossy</texturePath>
    <edgeType>FadeRough</edgeType>
    <renderPrecedence>315</renderPrecedence>
    <pathCost>3</pathCost>
    <statBases>
      <Beauty>-1</Beauty>
      <Cleanliness>-1</Cleanliness>
    </statBases>
    <generatedFilth>Filth_Dirt</generatedFilth>
    <affordances>
      <li>Light</li>
      <li>Medium</li>
      <li>Heavy</li>
      <li>GrowSoil</li>
      <li>Diggable</li>
    </affordances>
    <fertility>1</fertility>
    <takeFootprints>True</takeFootprints>
    <acceptFilth>true</acceptFilth>
    <avoidWander>false</avoidWander>
  </TerrainDef>

  <TerrainDef>
    <defName>MarshyTerrain</defName>
    <label>marshy soil</label>
    <texturePath>Terrain/Surfaces/MarshyTerrain</texturePath>
    <edgeType>FadeRough</edgeType>
    <renderPrecedence>337</renderPrecedence>
    <pathCost>15</pathCost>
    <statBases>
      <Beauty>-2</Beauty>
      <Cleanliness>-2</Cleanliness>
    </statBases>
    <scatterType>Rocky</scatterType>
    <affordances>
      <li>Light</li>
      <li>GrowSoil</li>
      <li>Diggable</li>
      <li>Bridgeable</li>
    </affordances>
    <generatedFilth>Filth_Dirt</generatedFilth>
    <fertility>1.0</fertility>
    <takeFootprints>True</takeFootprints>
    <driesTo>Soil</driesTo>
    <tools>
      <li>
        <label>mud</label>
        <capacities>
          <li>KickMaterialInEyes</li>
        </capacities>
        <hediff>MudInEyes</hediff>
        <cooldownTime>1.5</cooldownTime>
      </li>
    </tools>
  </TerrainDef>

  <!-- Rich soils -->

  <TerrainDef>
    <defName>SoilRich</defName>
    <label>rich soil</label>
    <texturePath>Terrain/Surfaces/SoilRich</texturePath>
    <edgeType>FadeRough</edgeType>
    <renderPrecedence>335</renderPrecedence>
    <pathCost>2</pathCost>
    <statBases>
      <Beauty>-1</Beauty>
      <Cleanliness>-1</Cleanliness>
    </statBases>
    <affordances>
      <li>Light</li>
      <li>Medium</li>
      <li>Heavy</li>
      <li>GrowSoil</li>
      <li>Diggable</li>
    </affordances>
    <generatedFilth>Filth_Dirt</generatedFilth>
    <fertility>1.4</fertility>
    <takeFootprints>True</takeFootprints>
    <tools>
      <li>
        <label>dirt</label>
        <capacities>
          <li>KickMaterialInEyes</li>
        </capacities>
        <hediff>DirtInEyes</hediff>
        <cooldownTime>1.5</cooldownTime>
      </li>
    </tools>
  </TerrainDef>

  <!-- Poor soils -->

  <TerrainDef>
    <defName>Gravel</defName>
    <label>stony soil</label>
    <texturePath>Terrain/Surfaces/Gravel</texturePath>
    <edgeType>FadeRough</edgeType>
    <renderPrecedence>320</renderPrecedence>
    <pathCost>2</pathCost>
    <statBases>
      <Beauty>-1</Beauty>
      <Cleanliness>-1</Cleanliness>
    </statBases>
    <scatterType>Rocky</scatterType>
    <affordances>
      <li>Light</li>
      <li>Medium</li>
      <li>Heavy</li>
      <li>GrowSoil</li>
      <li>Diggable</li>
    </affordances>
    <generatedFilth>Filth_Dirt</generatedFilth>
    <fertility>0.7</fertility>
    <takeFootprints>True</takeFootprints>
    <tools>
      <li>
        <label>gravel</label>
        <capacities>
          <li>KickMaterialInEyes</li>
        </capacities>
        <hediff>GravelInEyes</hediff>
        <cooldownTime>1.5</cooldownTime>
      </li>
    </tools>
  </TerrainDef>

  <!-- Sand -->

  <TerrainDef>
    <defName>Sand</defName>
    <label>sand</label>
    <texturePath>Terrain/Surfaces/Sand</texturePath>
    <edgeType>FadeRough</edgeType>
    <renderPrecedence>350</renderPrecedence>
    <pathCost>4</pathCost>
    <statBases>
      <Beauty>-1</Beauty>
      <Cleanliness>-1</Cleanliness>
    </statBases>
    <scatterType>SoftDry</scatterType>
    <affordances>
      <li>Light</li>
      <li>Medium</li>
      <li>Heavy</li>
      <li>Diggable</li>
    </affordances>
    <generatedFilth>Filth_Sand</generatedFilth>
    <fertility>0.10</fertility>
    <takeFootprints>True</takeFootprints>
    <tools>
      <li>
        <label>sand</label>
        <capacities>
          <li>KickMaterialInEyes</li>
        </capacities>
        <hediff>SandInEyes</hediff>
        <cooldownTime>1.5</cooldownTime>
      </li>
    </tools>
  </TerrainDef>

  <TerrainDef>
    <defName>SoftSand</defName>
    <label>soft sand</label>
    <texturePath>Terrain/Surfaces/SoftSand</texturePath>
    <edgeType>FadeRough</edgeType>
    <renderPrecedence>352</renderPrecedence>
    <pathCost>12</pathCost>
    <driesTo>Sand</driesTo>
    <statBases>
      <Beauty>-1</Beauty>
      <Cleanliness>-1</Cleanliness>
    </statBases>
    <affordances>
      <li>Light</li>
      <li>Diggable</li>
    </affordances>
    <generatedFilth>Filth_Sand</generatedFilth>
    <fertility>0</fertility>
    <takeFootprints>true</takeFootprints>
    <tools>
      <li>
        <label>sand</label>
        <capacities>
          <li>KickMaterialInEyes</li>
        </capacities>
        <hediff>SandInEyes</hediff>
        <cooldownTime>1.5</cooldownTime>
      </li>
    </tools>
  </TerrainDef>


  <!-- Infertile ground -->

  <TerrainDef>
    <defName>Mud</defName>
    <label>mud</label>
    <texturePath>Terrain/Surfaces/Mud</texturePath>
    <edgeType>FadeRough</edgeType>
    <renderPrecedence>330</renderPrecedence>
    <pathCost>12</pathCost>
    <statBases>
      <Beauty>-2</Beauty>
      <Cleanliness>-2</Cleanliness>
    </statBases>
    <affordances>
      <li>Bridgeable</li>
    </affordances>
    <generatedFilth>Filth_Dirt</generatedFilth>
    <fertility>0</fertility>
    <takeFootprints>True</takeFootprints>
    <acceptFilth>false</acceptFilth>
    <avoidWander>true</avoidWander>
    <driesTo>Soil</driesTo>
    <tools>
      <li>
        <label>mud</label>
        <capacities>
          <li>KickMaterialInEyes</li>
        </capacities>
        <hediff>MudInEyes</hediff>
        <cooldownTime>1.5</cooldownTime>
      </li>
    </tools>
  </TerrainDef>

  <!-- Ice -->

  <TerrainDef>
    <defName>Ice</defName>
    <label>Ice</label>
    <texturePath>Terrain/Surfaces/Ice</texturePath>
    <edgeType>FadeRough</edgeType>
    <renderPrecedence>350</renderPrecedence>
    <pathCost>12</pathCost>
    <statBases>
      <Beauty>-1</Beauty>
    </statBases>
    <scatterType>SoftGray</scatterType>
    <affordances>
      <li>Light</li>
      <li>Medium</li>
      <li>Heavy</li>
      <li>Diggable</li>
    </affordances>
    <generatedFilth>Filth_Dirt</generatedFilth>
    <fertility>0.00</fertility>
    <takeFootprints>True</takeFootprints>
  </TerrainDef>

</Defs>
