﻿<?xml version="1.0" encoding="utf-8" ?>
<Defs>

  <!--=============================== Tier 1: pre-electricity ===================================-->

  <!--===== Column 1 ====-->
  
  <ResearchProjectDef>
    <defName>PsychoidBrewing</defName>
    <label>psychoid brewing</label>
    <description>Prepare psychoid leaves into a mildly euphoria-inducing and addictive tea at the campfire or cooking stove.</description>
    <baseCost>500</baseCost>
    <techLevel>Neolithic</techLevel>
    <tags>
      <li>TribalStart</li>
    </tags>
    <researchViewX>0</researchViewX>
    <researchViewY>0</researchViewY>
  </ResearchProjectDef>

    <ResearchProjectDef>
    <defName>TreeSowing</defName>
    <label>tree sowing</label>
    <description>Sow the local biome's natural trees in your fields.</description>
    <baseCost>1000</baseCost>
    <techLevel>Neolithic</techLevel>
    <researchViewX>0</researchViewX>
    <researchViewY>0.75</researchViewY>
    <tags>
      <li>TribalStart</li>
    </tags>
  </ResearchProjectDef>

  <ResearchProjectDef>
    <defName>Brewing</defName>
    <label>beer brewing</label>
    <description>Build a brewery and fermenting vats to transform hops into tasty, tasty beer.</description>
    <baseCost>400</baseCost>
    <techLevel>Neolithic</techLevel>
    <researchViewX>0</researchViewX>
    <researchViewY>1.5</researchViewY>
  </ResearchProjectDef>

  <ResearchProjectDef>
    <defName>ComplexFurniture</defName>
    <label>complex furniture</label>
    <description>Build complex furniture like beds, end tables, dining chairs, armchairs, dressers, tool cabinets, billiard tables, and poker tables, vents, sarcophagi, and more.</description>
    <baseCost>300</baseCost>
    <techLevel>Medieval</techLevel>
    <researchViewX>0</researchViewX>
    <researchViewY>2.25</researchViewY>
    <tags>
      <li>ClassicStart</li>
    </tags>
  </ResearchProjectDef>

  <ResearchProjectDef>
    <defName>PassiveCooler</defName>
    <label>passive cooler</label>
    <description>Make passive coolers, to cool indoor spaces without using electricity.</description>
    <baseCost>400</baseCost>
    <techLevel>Neolithic</techLevel>
    <tags>
      <li>ClassicStart</li>
      <li>TribalStart</li>
    </tags>
    <researchViewX>0</researchViewX>
    <researchViewY>3.0</researchViewY>
  </ResearchProjectDef>

  <ResearchProjectDef>
    <defName>Stonecutting</defName>
    <label>stonecutting</label>
    <description>Cut rock chunks into stone blocks for use in construction. Build beautiful stone tile floors or ugly concrete walkways.</description>
    <baseCost>300</baseCost>
    <techLevel>Medieval</techLevel>
    <tags>
      <li>ClassicStart</li>
    </tags>
    <researchViewX>0</researchViewX>
    <researchViewY>3.75</researchViewY>
  </ResearchProjectDef>

  <ResearchProjectDef>
    <defName>ComplexClothing</defName>
    <label>complex clothing</label>
    <description>Tailor complicated garments like pants, dusters, and cowboy hats.</description>
    <baseCost>600</baseCost>
    <techLevel>Medieval</techLevel>
    <researchViewX>0</researchViewX>
    <researchViewY>4.5</researchViewY>
    <tags>
      <li>ClassicStart</li>
    </tags>
  </ResearchProjectDef>

  <!--====== Column 2 ======-->

  <ResearchProjectDef>
    <defName>DrugProduction</defName>
    <label>drug production</label>
    <description>Build a drug lab for basic drug synthesis. Further research is required to make specific drugs.</description>
    <baseCost>500</baseCost>
    <techLevel>Industrial</techLevel>
    <researchViewX>1</researchViewX>
    <researchViewY>0</researchViewY>
  </ResearchProjectDef>

  <ResearchProjectDef>
    <defName>Cocoa</defName>
    <label>cocoa</label>
    <description>Sow cocoa trees to create your own delicious chocolate. Eating chocolate fulfills the need for recreation, and it's valuable on the market too.</description>
    <baseCost>1000</baseCost>
    <techLevel>Neolithic</techLevel>
    <researchViewX>1</researchViewX>
    <researchViewY>0.75</researchViewY>
    <prerequisites>
      <li>TreeSowing</li>
    </prerequisites>
  </ResearchProjectDef>
  
  <ResearchProjectDef>
    <defName>Devilstrand</defName>
    <label>devilstrand</label>
    <description>Plant devilstrand, a slow-growing mushroom that yields an exceptionally tough, heat-resistant plant fiber.</description>
    <baseCost>800</baseCost>
    <techLevel>Neolithic</techLevel>
    <researchViewX>1</researchViewX>
    <researchViewY>1.5</researchViewY>
  </ResearchProjectDef>

<ResearchProjectDef>
    <defName>CarpetMaking</defName>
    <label>carpet making</label>
    <description>Weave beautiful carpets from cloth.</description>
    <baseCost>800</baseCost>
    <techLevel>Medieval</techLevel>
    <researchViewX>1</researchViewX>
    <researchViewY>2.25</researchViewY>
  </ResearchProjectDef>

    <ResearchProjectDef>
    <defName>Pemmican</defName>
    <label>pemmican</label>
    <description>Make pemmican, a preserved mixture of meat and plant matter that doesn't go bad for a long time. Great for traveling.</description>
    <baseCost>500</baseCost>
    <techLevel>Neolithic</techLevel>
    <tags>
      <li>TribalStart</li>
    </tags>
    <researchViewX>1</researchViewX>
    <researchViewY>3.00</researchViewY>
  </ResearchProjectDef>

  <!--====== Column 3+ ======-->
  
  <ResearchProjectDef>
    <defName>Smithing</defName>
    <label>smithing</label>
    <description>Build smithies for crafting metal weapons like knives, gladii, and maces. Work metal into clean, beautiful floor tiles.</description>
    <baseCost>700</baseCost>
    <techLevel>Medieval</techLevel>
    <researchViewX>2</researchViewX>
    <researchViewY>3.4</researchViewY>
  </ResearchProjectDef>

  <ResearchProjectDef>
    <defName>RecurveBow</defName>
    <label>recurve bow</label>
    <description>Build the recurve bow, an effective and inexpensive ranged weapon.</description>
    <baseCost>400</baseCost>
    <techLevel>Neolithic</techLevel>
    <tags>
      <li>TribalStart</li>
    </tags>
    <researchViewX>2</researchViewX>
    <researchViewY>5</researchViewY>
  </ResearchProjectDef>

  <!--====== Drugs ======-->

  <ResearchProjectDef>
    <defName>PsychiteRefining</defName>
    <label>psychite refining</label>
    <description>Refine psychoid leaves into flake and yayo, different forms of the euphoric psychite drug.</description>
    <baseCost>400</baseCost>
    <techLevel>Industrial</techLevel>
    <prerequisites>
      <li>DrugProduction</li>
    </prerequisites>
    <researchViewX>2</researchViewX>
    <researchViewY>0.5</researchViewY>
  </ResearchProjectDef>

  <ResearchProjectDef>
    <defName>WakeUpProduction</defName>
    <label>wake-up production</label>
    <description>Synthesize wake-up, a work performance-enhancing drug which replaces the need for sleep.</description>
    <baseCost>600</baseCost>
    <techLevel>Industrial</techLevel>
    <prerequisites>
      <li>DrugProduction</li>
    </prerequisites>
    <researchViewX>2</researchViewX>
    <researchViewY>1.16</researchViewY>
  </ResearchProjectDef>

  <ResearchProjectDef>
    <defName>GoJuiceProduction</defName>
    <label>go-juice production</label>
    <description>Produce go-juice, a synthetic combat-performance-enhancing drug which improves shooting, melee, and movement ability, and dulls pain.</description>
    <baseCost>1000</baseCost>
    <techLevel>Industrial</techLevel>
    <prerequisites>
      <li>DrugProduction</li>
    </prerequisites>
    <researchViewX>2</researchViewX>
    <researchViewY>1.83</researchViewY>
  </ResearchProjectDef>

  <ResearchProjectDef>
    <defName>PenoxycylineProduction</defName>
    <label>penoxycyline production</label>
    <description>Produce penoxycline, a disease prevention drug which blocks plague, malaria, and more before they start.</description>
    <baseCost>500</baseCost>
    <techLevel>Industrial</techLevel>
    <prerequisites>
      <li>DrugProduction</li>
    </prerequisites>
    <researchViewX>2</researchViewX>
    <researchViewY>2.5</researchViewY>
  </ResearchProjectDef>

  <!--====== Medieval weapons ======-->

  <ResearchProjectDef>
    <defName>LongBlades</defName>
    <label>long blades</label>
    <description>Craft longswords and spears.</description>
    <baseCost>400</baseCost>
    <techLevel>Medieval</techLevel>
    <prerequisites>
      <li>Smithing</li>
    </prerequisites>
    <researchViewX>3</researchViewX>
    <researchViewY>4</researchViewY>
  </ResearchProjectDef>

  <ResearchProjectDef>
    <defName>PlateArmor</defName>
    <label>plate armor</label>
    <description>Smith suits of plate armor from metal or wood. This heavy armor noticeably slows movement, but protects very effectively.</description>
    <baseCost>600</baseCost>
    <techLevel>Medieval</techLevel>
    <prerequisites>
      <li>Smithing</li>
    </prerequisites>
    <researchViewX>3</researchViewX>
    <researchViewY>4.5</researchViewY>
  </ResearchProjectDef>

  <ResearchProjectDef>
    <defName>Greatbow</defName>
    <label>greatbow</label>
    <description>Craft greatbows for killing enemies at great range.</description>
    <baseCost>600</baseCost>
    <techLevel>Medieval</techLevel>
    <prerequisites>
      <li>RecurveBow</li>
      <li>Smithing</li>
    </prerequisites>
    <researchViewX>3</researchViewX>
    <researchViewY>5</researchViewY>
  </ResearchProjectDef>

</Defs>
