﻿<?xml version="1.0" encoding="utf-8" ?>
<Defs>

	<FactionDef Abstract="True" Name="AncientsBase">
		<label>ancients</label>
    <pawnSingular>ancient</pawnSingular>
		<pawnsPlural>ancients</pawnsPlural>
		<requiredCountAtGameStart>1</requiredCountAtGameStart>
		<fixedName>Ancients</fixedName>
		<techLevel>Spacer</techLevel>
		<backstoryCategories>
			<li>Civil</li>
		</backstoryCategories>
		<hidden>true</hidden>
		<rescueesCanJoin>true</rescueesCanJoin>
		<autoFlee>false</autoFlee>
		<geneticVariance>1</geneticVariance>
		<hairTags>
			<li>Urban</li>
		</hairTags>
		<apparelStuffFilter>
			<thingDefs>
				<li>Synthread</li>
				<li>Hyperweave</li>
				<li>Plasteel</li>
			</thingDefs>
		</apparelStuffFilter>
	</FactionDef>

	<FactionDef ParentName="AncientsBase">
		<defName>Ancients</defName>
  </FactionDef>

  <FactionDef ParentName="AncientsBase">
    <defName>AncientsHostile</defName>
    <permanentEnemy>true</permanentEnemy>
  </FactionDef>

  <FactionDef>
    <defName>Mechanoid</defName>
    <label>mechanoid hive</label>
    <pawnSingular>mechanoid</pawnSingular>
    <pawnsPlural>mechanoids</pawnsPlural>
    <requiredCountAtGameStart>1</requiredCountAtGameStart>
    <fixedName>a mechanoid hive</fixedName>
		<raidCommonalityFromPointsCurve>
			<points>
        <li>(700, 0.1)</li>
        <li>(900, 0.2)</li>
        <li>(1200, 1)</li>
        <li>(4000, 1.5)</li>
      </points>
		</raidCommonalityFromPointsCurve>
    <humanlikeFaction>false</humanlikeFaction>
    <hidden>true</hidden>
    <autoFlee>false</autoFlee>
    <canUseAvoidGrid>false</canUseAvoidGrid>
    <techLevel>Ultra</techLevel>
    <earliestRaidDays>45</earliestRaidDays>
    <permanentEnemy>true</permanentEnemy>
    <maxPawnCostPerTotalPointsCurve>
      <points>
        <li>(400,200)</li>
        <li>(900,300)</li>
        <li>(100000,10000)</li>
      </points>
    </maxPawnCostPerTotalPointsCurve>
    <pawnGroupMakers>
      <li>
        <!-- All types-->
        <kindDef>Combat</kindDef>
        <commonality>100</commonality>
        <options>
          <Mech_Centipede>10</Mech_Centipede>
          <Mech_Lancer>10</Mech_Lancer>
          <Mech_Scyther>10</Mech_Scyther>
        </options>
      </li>
      <li>
        <!-- Ranged only -->
        <kindDef>Combat</kindDef>
        <commonality>80</commonality>
        <options>
          <Mech_Centipede>10</Mech_Centipede>
          <Mech_Lancer>10</Mech_Lancer>
        </options>
      </li>
      <li>
        <!-- Melee only-->
        <kindDef>Combat</kindDef>
        <commonality>70</commonality>
        <options>
          <Mech_Scyther>10</Mech_Scyther>
        </options>
      </li>
      <li>
        <!-- Centipede only -->
        <kindDef>Combat</kindDef>
        <commonality>30</commonality>
        <options>
          <Mech_Centipede>10</Mech_Centipede>
        </options>
      </li>
    </pawnGroupMakers>
    <homeIconPath>World/WorldObjects/DefaultSettlement</homeIconPath>
    <allowedArrivalTemperatureRange>
      <min>-100</min>
      <max>200</max>
    </allowedArrivalTemperatureRange>
  </FactionDef>

  <FactionDef>
    <defName>Insect</defName>
    <label>insects</label>
    <pawnSingular>insect</pawnSingular>
    <pawnsPlural>insects</pawnsPlural>
    <requiredCountAtGameStart>1</requiredCountAtGameStart>
    <fixedName>insects</fixedName>
		<raidCommonalityFromPointsCurve>
			<points>
				<li>(0, 0)</li>
			</points>
		</raidCommonalityFromPointsCurve>
    <humanlikeFaction>false</humanlikeFaction>
    <hidden>true</hidden>
    <autoFlee>false</autoFlee>
    <canUseAvoidGrid>false</canUseAvoidGrid>
    <techLevel>Animal</techLevel>
    <permanentEnemy>true</permanentEnemy>
    <homeIconPath>World/WorldObjects/DefaultSettlement</homeIconPath>
    <allowedArrivalTemperatureRange>
      <min>0</min>
      <max>45</max>
    </allowedArrivalTemperatureRange>
  </FactionDef>
  
</Defs>
