<?xml version="1.0" encoding="utf-8" ?>




<Patch>

  <!--

THOUGHT PATCHES

  -->

  <Operation Class="PatchOperationReplace">
    <success>Normal</success>
    <xpath>/Defs/ThoughtDef[defName="Pretty"]/stages</xpath>
    <value>
      <stages>
        <li>
          <label>attractive</label>
          <baseOpinionOffset>3</baseOpinionOffset>
        </li>
        <li>
          <label>comely</label>
          <baseOpinionOffset>6</baseOpinionOffset>
        </li>
        <li>
          <label>beautiful</label>
          <baseOpinionOffset>12</baseOpinionOffset>
        </li>
        <li>
          <label>ethereal beauty</label>
          <baseOpinionOffset>24</baseOpinionOffset>
        </li>
      </stages>
    </value>
  </Operation>

  <Operation Class="PatchOperationReplace">
    <success>Normal</success>
    <xpath>/Defs/ThoughtDef[defName="Ugly"]/stages</xpath>
    <value>
      <stages>
        <li>
          <label>unattractive</label>
          <baseOpinionOffset>-3</baseOpinionOffset>
        </li>
        <li>
          <label>homely</label>
          <baseOpinionOffset>-6</baseOpinionOffset>
        </li>
        <li>
          <label>ugly</label>
          <baseOpinionOffset>-12</baseOpinionOffset>
        </li>
        <li>
          <label>staggeringly ugly</label>
          <baseOpinionOffset>-24</baseOpinionOffset>
        </li>
      </stages>
    </value>
  </Operation>

  <Operation Class="PatchOperationReplace">
    <success>Normal</success>
    <xpath>/Defs/ThoughtDef[defName="Disfigured"]/stages</xpath>
    <value>
      <stages>
        <li>
          <label>disfigured</label>
          <baseOpinionOffset>-3</baseOpinionOffset>
        </li>
      </stages>
    </value>
  </Operation>
  <Operation Class="PatchOperationConditional">
    <xpath>/Defs/ThoughtDef[defName="Disfigured"]/nullifyingTraits</xpath>
    <nomatch Class="PatchOperationAdd">
      <xpath>/Defs/ThoughtDef[defName="Disfigured"]</xpath>
      <value>
        <nullifyingTraits>
          <li>Superficial</li>
        </nullifyingTraits>
      </value>
    </nomatch>
    <match Class="PatchOperationAdd">
      <xpath>/Defs/ThoughtDef[defName="Disfigured"]/nullifyingTraits</xpath>
      <value>
        <li>Superficial</li>
      </value>
    </match>
  </Operation>

  <Operation Class="PatchOperationReplace">
    <success>Normal</success>
    <xpath>/Defs/ThoughtDef[defName="AnnoyingVoice"]/stages</xpath>
    <value>
      <stages>
        <li>
          <label>annoying voice</label>
          <baseOpinionOffset>-5</baseOpinionOffset>
        </li>
      </stages>
    </value>
  </Operation>
  <Operation Class="PatchOperationConditional">
    <xpath>/Defs/ThoughtDef[defName="AnnoyingVoice"]/nullifyingTraits</xpath>
    <nomatch Class="PatchOperationAdd">
      <xpath>/Defs/ThoughtDef[defName="AnnoyingVoice"]</xpath>
      <value>
        <nullifyingTraits>
          <li>Superficial</li>
        </nullifyingTraits>
      </value>
    </nomatch>
    <match Class="PatchOperationAdd">
      <xpath>/Defs/ThoughtDef[defName="AnnoyingVoice"]/nullifyingTraits</xpath>
      <value>
        <li>Superficial</li>
      </value>
    </match>
  </Operation>

  <Operation Class="PatchOperationReplace">
    <success>Normal</success>
    <xpath>/Defs/ThoughtDef[defName="CreepyBreathing"]/stages</xpath>
    <value>
      <stages>
        <li>
          <label>creepy breathing</label>
          <baseOpinionOffset>-5</baseOpinionOffset>
        </li>
      </stages>
    </value>
  </Operation>
  <Operation Class="PatchOperationConditional">
    <xpath>/Defs/ThoughtDef[defName="CreepyBreathing"]/nullifyingTraits</xpath>
    <nomatch Class="PatchOperationAdd">
      <xpath>/Defs/ThoughtDef[defName="CreepyBreathing"]</xpath>
      <value>
        <nullifyingTraits>
          <li>Superficial</li>
        </nullifyingTraits>
      </value>
    </nomatch>
    <match Class="PatchOperationAdd">
      <xpath>/Defs/ThoughtDef[defName="CreepyBreathing"]/nullifyingTraits</xpath>
      <value>
        <li>Superficial</li>
      </value>
    </match>
  </Operation>

  <Operation Class="PatchOperationConditional">
    <xpath>/Defs/ThoughtDef[defName="Pretty"]/nullifyingTraits</xpath>
    <nomatch Class="PatchOperationAdd">
      <xpath>/Defs/ThoughtDef[defName="Pretty"]</xpath>
      <value>
        <nullifyingTraits>
          <li>Superficial</li>
        </nullifyingTraits>
      </value>
    </nomatch>
    <match Class="PatchOperationAdd">
      <xpath>/Defs/ThoughtDef[defName="Pretty"]/nullifyingTraits</xpath>
      <value>
        <li>Superficial</li>
      </value>
    </match>
  </Operation>
  <Operation Class="PatchOperationConditional">
    <xpath>/Defs/ThoughtDef[defName="Ugly"]/nullifyingTraits</xpath>
    <nomatch Class="PatchOperationAdd">
      <xpath>/Defs/ThoughtDef[defName="Ugly"]</xpath>
      <value>
        <nullifyingTraits>
          <li>Superficial</li>
        </nullifyingTraits>
      </value>
    </nomatch>
    <match Class="PatchOperationAdd">
      <xpath>/Defs/ThoughtDef[defName="Ugly"]/nullifyingTraits</xpath>
      <value>
        <li>Superficial</li>
      </value>
    </match>
  </Operation>

  <Operation Class="PatchOperationReplace">
    <success>Normal</success>
    <xpath>/Defs/ThoughtDef[defName="WantToSleepWithSpouseOrLover"]/thoughtClass</xpath>
    <value>
      <thoughtClass>Gradual_Romance.Thought_GRWantToSleepWithSpouseOrLover</thoughtClass>
    </value>
  </Operation>

  <Operation Class="PatchOperationReplace">
    <success>Normal</success>
    <xpath>/Defs/ThoughtDef[defName="WantToSleepWithSpouseOrLover"]/workerClass</xpath>
    <value>
      <workerClass>Gradual_Romance.ThoughtWorker_GRWantToSleepWithSpouseOrLover</workerClass>
    </value>
  </Operation>


  
  <!--

INTERACTION PATCHES

  -->


  <Operation Class="PatchOperationReplace">
		<success>Normal</success>
			<xpath>/Defs/InteractionDef[defName="RomanceAttempt"]/workerClass</xpath>
			<value>
				<workerClass>Gradual_Romance.InteractionWorker_GRRomanceAttempt</workerClass>
			</value>
			
	</Operation>

  <Operation Class="PatchOperationReplace">
    <success>Normal</success>
    <xpath>/Defs/InteractionDef[defName="Breakup"]/workerClass</xpath>
    <value>
      <workerClass>Gradual_Romance.InteractionWorker_GRBreakup</workerClass>
    </value>

  </Operation>

  <!--

TRAIT PATCHES

  -->

 
  <Operation Class="PatchOperationReplace">
    <success>Normal</success>
    <xpath>/Defs/TraitDef[defName="Beauty"]/degreeDatas</xpath>
    <value>
      <degreeDatas>
        <li>
          <label>ethereal beauty</label>
          <description>[PAWN_nameDef] is beautiful to the point where it has become a burden for [PAWN_objective]. [PAWN_pronoun] is the image of perfection, what people aspire to look like. It has become difficult for [PAWN_nameDef] to interact normally with people.</description>
          <degree>4</degree>
          <marketValueFactorOffset>1</marketValueFactorOffset>
        </li>
        <li>
          <label>beautiful</label>
          <description>[PAWN_nameDef] is exceptionally beautiful, with an exotic-yet-familiar facial structure and an arresting gaze. People are attracted to [PAWN_objective] before [PAWN_pronoun] even opens [PAWN_possessive] mouth.</description>
          <degree>3</degree>
          <marketValueFactorOffset>0.75</marketValueFactorOffset>
        </li>
        <li>
          <label>comely</label>
          <description>[PAWN_nameDef] is very easy on the eyes, with full lips and bright eyes, and has no issues attracting attention.</description>
          <degree>2</degree>
          <marketValueFactorOffset>0.40</marketValueFactorOffset>
        </li>
        <li>
          <label>attractive</label>
          <description>[PAWN_nameDef] has a nice face, which predisposes people to like [PAWN_objective].</description>
          <degree>1</degree>
          <marketValueFactorOffset>0.20</marketValueFactorOffset>
        </li>
        <li>
          <label>unattractive</label>
          <description>[PAWN_nameDef] is mildly unattractive, though no feature of [PAWN_possessive] is particularly awful, [PAWN_pronoun] doesn't make a great first impression.</description>
          <degree>-1</degree>
          <marketValueFactorOffset>-0.20</marketValueFactorOffset>
        </li>
        <li>
          <label>homely</label>
          <description>[PAWN_nameDef] has exaggerated, unattractive features. It's not an insurmountable problem, but [PAWN_pronoun] really has to make up for it in personality.</description>
          <degree>-2</degree>
          <marketValueFactorOffset>-0.40</marketValueFactorOffset>
        </li>
        <li>
          <label>ugly</label>
          <description>It's not polite to stare at [PAWN_nameDef], not that you would want to. [PAWN_nameDef] is quite ugly, and it will be an uphill batte for [PAWN_objective] to find a life partner.</description>
          <degree>-3</degree>
          <marketValueFactorOffset>-0.60</marketValueFactorOffset>
        </li>
        <li>
          <label>staggeringly ugly</label>
          <description>[PAWN_nameDef] is staggeringly ugly. [PAWN_possessive] face looks like a cross between a drawing by an untalented child, a malformed fetus in a jar of formaldehyde, and a piece of modern art. Others must exert conscious effort to look at [PAWN_objective] while conversing.</description>
          <degree>-4</degree>
          <marketValueFactorOffset>-0.75</marketValueFactorOffset>
        </li>
      </degreeDatas>
    </value>
  </Operation>

  <!--

THINGDEF PATCHES

  -->


  <Operation Class="PatchOperationAddModExtension">
      <xpath>Defs/ThingDef[defName="Human"]</xpath>
      <value>
        <li Class="Gradual_Romance.XenoRomanceExtension">
          <!--
          <youngAdultAge>18</youngAdultAge>
          <midlifeAge>40</midlifeAge>
          <minimumAgeDeviation>1</minimumAgeDeviation>
          <maximumAgeDeviation>10</maximumAgeDeviation>
          -->
          <!--
          Extraspecies appeal shouldn't be above 1 or below 0.
          At 0, the species is repulsive. They will never have relationships outside their own species.
          At 1, the species is alluring. They have no issues with relationships outside their own species.
          -->
          <extraspeciesAppeal>0.75</extraspeciesAppeal>
          <!--
          These are definitely not realistic, but you can make your own.
          -->
          <sexDriveByAgeCurveMale>
            <li>
              <x>18</x>
              <y>0</y>
            </li>
            <li>
              <x>19</x>
              <y>3</y>
            </li>
            <li>
              <x>30</x>
              <y>2</y>
            </li>
            <li>
              <x>65</x>
              <y>1</y>
            </li>
            <li>
              <x>90</x>
              <y>0.1</y>
            </li>
          </sexDriveByAgeCurveMale>
          <sexDriveByAgeCurveFemale>
            <li>
              <x>18</x>
              <y>0</y>
            </li>
            <li>
              <x>19</x>
              <y>3</y>
            </li>
            <li>
              <x>30</x>
              <y>2</y>
            </li>
            <li>
              <x>65</x>
              <y>1</y>
            </li>
            <li>
              <x>90</x>
              <y>0.1</y>
            </li>
          </sexDriveByAgeCurveFemale>
<!--          <attractivenessByAgeCurveMale>
            <li>
              <x>18</x>
              <y>0</y>
            </li>
            <li>
              <x>19</x>
              <y>1</y>
            </li>
            <li>
              <x>50</x>
              <y>1</y>
            </li>
            <li>
              <x>65</x>
              <y>0.5</y>
            </li>
            <li>
              <x>90</x>
              <y>0.1</y>
            </li>
          </attractivenessByAgeCurveMale>
          <attractivenessByAgeCurveFemale>
            <li>
              <x>18</x>
              <y>0</y>
            </li>
            <li>
              <x>19</x>
              <y>1</y>
            </li>
            <li>
              <x>50</x>
              <y>1</y>
            </li>
            <li>
              <x>65</x>
              <y>0.5</y>
            </li>
            <li>
              <x>90</x>
              <y>0.1</y>
            </li>
          </attractivenessByAgeCurveFemale>-->
          <!--
          0.1 = infant
          0.2 = toddler
          0.3 = child
          0.5 = start puberty
          1.0 = reproductive age
          2.0 = end of reproductive age
          3.0 = end of expected life expectancy
          -->
          <maturityByAgeCurveMale>
            <li>
              <x>0</x>
              <y>0.01</y>
            </li>
            <li>
              <x>1</x>
              <y>0.1</y>
            </li>
            <li>
              <x>2</x>
              <y>0.2</y>
            </li>
            <li>
              <x>3</x>
              <y>0.3</y>
            </li>
            <li>
              <x>6</x>
              <y>0.4</y>
            </li>
            <li>
              <x>12</x>
              <y>0.5</y>
            </li>
            <li>
              <x>18</x>
              <y>1</y>
            </li>
            <li>
              <x>55</x>
              <y>2</y>
            </li>
            <li>
              <x>80</x>
              <y>3</y>
            </li>
          </maturityByAgeCurveMale>
          <maturityByAgeCurveFemale>
            <li>
              <x>0</x>
              <y>0.01</y>
            </li>
            <li>
              <x>1</x>
              <y>0.1</y>
            </li>
            <li>
              <x>2</x>
              <y>0.2</y>
            </li>
            <li>
              <x>3</x>
              <y>0.3</y>
            </li>
            <li>
              <x>6</x>
              <y>0.4</y>
            </li>
            <li>
              <x>12</x>
              <y>0.5</y>
            </li>
            <li>
              <x>18</x>
              <y>1</y>
            </li>
            <li>
              <x>55</x>
              <y>2</y>
            </li>
            <li>
              <x>80</x>
              <y>3</y>
            </li>
          </maturityByAgeCurveFemale>
          <faceCategory>Human</faceCategory>
          <bodyCategory>Human</bodyCategory>
          <mindCategory>Human</mindCategory>
        </li>
      </value>
    </Operation>

  <!--
  
  BODYTYPE PATCHES
    
    -->

  <Operation Class="PatchOperationAddModExtension">
      <xpath>Defs/BodyTypeDef[defName="Fat"]</xpath>
      <value>
        <li Class="Gradual_Romance.GRBodyTypeExtension">
          <attractivenessFactor>0.75</attractivenessFactor>
        </li>
      </value>
    </Operation>
  
      <Operation Class="PatchOperationAddModExtension">
      <xpath>Defs/BodyTypeDef[defName="Hulk"]</xpath>
      <value>
        <li Class="Gradual_Romance.GRBodyTypeExtension">
          <attractivenessFactor>0.75</attractivenessFactor>
        <attractiveForGender>Male</attractiveForGender>
        </li>
      </value>
    </Operation>
    
    <Operation Class="PatchOperationAddModExtension">
      <xpath>Defs/BodyTypeDef[defName="Thin"]</xpath>
      <value>
        <li Class="Gradual_Romance.GRBodyTypeExtension">
          <attractivenessFactor>0.75</attractivenessFactor>
        <attractiveForGender>Female</attractiveForGender>
        </li>
      </value>
    </Operation>

  <!--
  
  RELATIONSHIP PATCHES
    
    -->
  
  
  <Operation Class="PatchOperationAddModExtension">
    <xpath>Defs/PawnRelationDef[defName="Lover"]</xpath>
    <value>
      <li Class="Gradual_Romance.RomanticRelationExtension">
        <relationshipLevel>15</relationshipLevel>
        <baseAffairReluctance>0.3</baseAffairReluctance>
        <isFormalRelationship>true</isFormalRelationship>
        <goesOnDates>true</goesOnDates>
        <sharesBed>true</sharesBed>
        <doesLovin>true</doesLovin>
        <caresAboutCheating>true</caresAboutCheating>
        <breakupIntensity>1.5</breakupIntensity>
        <ex>ExLover</ex>
      </li>
    </value>
  </Operation>
  <Operation Class="PatchOperationAddModExtension">
    <xpath>Defs/PawnRelationDef[defName="Fiance"]</xpath>
    <value>
      <li Class="Gradual_Romance.RomanticRelationExtension">
        <relationshipLevel>20</relationshipLevel>
        <baseAffairReluctance>0.1</baseAffairReluctance>
        <isFormalRelationship>true</isFormalRelationship>
        <goesOnDates>true</goesOnDates>
        <sharesBed>true</sharesBed>
        <doesLovin>true</doesLovin>
        <caresAboutCheating>true</caresAboutCheating>
        <breakupIntensity>1.5</breakupIntensity>
        <ex>ExLover</ex>
      </li>
    </value>
  </Operation>
  <Operation Class="PatchOperationAddModExtension">
    <xpath>Defs/PawnRelationDef[defName="Spouse"]</xpath>
    <value>
      <li Class="Gradual_Romance.RomanticRelationExtension">
        <relationshipLevel>25</relationshipLevel>
        <baseAffairReluctance>0.3</baseAffairReluctance>
        <isFormalRelationship>true</isFormalRelationship>
        <goesOnDates>true</goesOnDates>
        <sharesBed>true</sharesBed>
        <doesLovin>true</doesLovin>
        <caresAboutCheating>true</caresAboutCheating>
        <needsDivorce>true</needsDivorce>
        <breakupIntensity>2</breakupIntensity>
        <ex>ExSpouse</ex>
      </li>
    </value>
  </Operation>
  

	
</Patch>