﻿<?xml version="1.0" encoding="utf-8" ?>
<Defs>

  
  <ThingDef Name="ResourceVerbBase" ParentName="ResourceBase" Abstract="True">
    <equipmentType>Primary</equipmentType>
    <techLevel>Neolithic</techLevel>
    <comps>
      <li>
        <compClass>CompEquippable</compClass>
      </li>
    </comps>
  </ThingDef>

  <!--=============== AI persona core ====================-->

  <ThingDef ParentName="ResourceBase">
    <defName>AIPersonaCore</defName>
    <label>AI persona core</label>
    <description>A hyper-advanced computer core that houses a peak-human-equivalent AI persona. In its isolated state, the core is dormant. Installed in a proper support structure, however, it can become a mind of great power.</description>
    <graphicData>
      <texPath>Things/Item/Special/AIPersonaCore</texPath>
      <graphicClass>Graphic_Single</graphicClass>
    </graphicData>
    <resourceReadoutPriority>Middle</resourceReadoutPriority>
    <soundInteract>Metal_Drop</soundInteract>
    <soundDrop>Metal_Drop</soundDrop>
    <stackLimit>1</stackLimit>
    <useHitPoints>true</useHitPoints>
    <statBases>
      <MarketValue>4000</MarketValue>
      <MaxHitPoints>100</MaxHitPoints>
      <Mass>2</Mass>
      <Flammability>0.2</Flammability>
    </statBases>
    <thingCategories>
      <li>Items</li>
    </thingCategories>
    <drawGUIOverlay>false</drawGUIOverlay>
    <tradeability>Sellable</tradeability>
    <techLevel>Ultra</techLevel>
    <tradeTags>
      <li>ExoticMisc</li>
    </tradeTags>
  </ThingDef>

  <!--=============== Mech serum ====================-->

  <ThingDef ParentName="ResourceBase" Name="MechSerumBase" Abstract="True">
    <thingClass>ThingWithComps</thingClass>
    <resourceReadoutPriority>Middle</resourceReadoutPriority>
    <useHitPoints>true</useHitPoints>
    <statBases>
      <MaxHitPoints>80</MaxHitPoints>
      <Mass>0.2</Mass>
      <DeteriorationRate>2.0</DeteriorationRate>
      <Flammability>0.2</Flammability>
    </statBases>
    <thingCategories>
      <li>Items</li>
    </thingCategories>
    <techLevel>Ultra</techLevel>
    <tradeTags>
      <li>ExoticMisc</li>
    </tradeTags>
  </ThingDef>

	<ThingDef ParentName="MechSerumBase">
    <defName>MechSerumNeurotrainer</defName>
    <label>neurotrainer mech serum</label>
    <description>A one-use super-dose of mechanites tuned to train a specific skill. The dose is administered through the orbit of the eye. Once released into the brain, the mechanites quickly improve the subject's skills in a specific area, transmuting themselves into neural tissue as needed.</description>
    <graphicData>
      <texPath>Things/Item/Special/MechSerumNeurotrainer</texPath>
      <graphicClass>Graphic_Single</graphicClass>
    </graphicData>
    <stackLimit>1</stackLimit>
    <tradeNeverStack>true</tradeNeverStack>
    <statBases>
      <MarketValue>750</MarketValue>
    </statBases>
    <drawGUIOverlay>false</drawGUIOverlay>
    <comps>
      <li Class="CompProperties_Usable">
        <compClass>CompNeurotrainer</compClass>
        <useJob>UseNeurotrainer</useJob>
        <useLabel>Use neurotrainer mech serum to learn {0}</useLabel>
      </li>
      <li Class="CompProperties_UseEffect">
        <compClass>CompUseEffect_LearnSkill</compClass>
      </li>
      <li Class="CompProperties_UseEffect">
        <compClass>CompUseEffect_DestroySelf</compClass>
      </li>
    </comps>
    <thingSetMakerTags>
      <li>RewardSpecial</li>
    </thingSetMakerTags>
  </ThingDef>
	
  <ThingDef ParentName="MechSerumBase">
    <defName>MechSerumHealer</defName>
    <label>healer mech serum</label>
    <description>A one-use super-dose of mechanites tuned to heal health conditions. The mechanites will target and heal the single worst health condition affecting someone at any given time. Works even on health conditions that would otherwise be incurable. The mechanites can even transmute themselves into organic matter, forming new limbs or organs as needed.</description>
    <graphicData>
      <texPath>Things/Item/Special/MechSerumHealer</texPath>
      <graphicClass>Graphic_Single</graphicClass>
    </graphicData>
    <stackLimit>10</stackLimit>
    <statBases>
      <MarketValue>1300</MarketValue>
    </statBases>
    <tradeability>Sellable</tradeability>
    <comps>
      <li Class="CompProperties_Usable">
        <useJob>UseItem</useJob>
        <useLabel>Use healer mech serum</useLabel>
        <useDuration>600</useDuration>
      </li>
      <li Class="CompProperties_UseEffect">
        <compClass>CompUseEffect_FixWorstHealthCondition</compClass>
      </li>
      <li Class="CompProperties_UseEffect">
        <compClass>CompUseEffect_DestroySelf</compClass>
      </li>
    </comps>
    <thingSetMakerTags>
      <li>RewardSpecial</li>
    </thingSetMakerTags>
  </ThingDef>
  
  <ThingDef ParentName="MechSerumBase">
    <defName>MechSerumResurrector</defName>
    <label>resurrector mech serum</label>
    <description>A one-use super-dose of mechanites tuned to resurrect the dead. Administered to a corpse, mechanites repair broken-down tissues and kickstart the body back to life. Unfortunately, the resurrected sometimes come back with brain damage, blindness, or progressive psychosis. Outcomes are better when the mechanites are administered to a fresher body. If a body is preserved, it can even be resurrected long after death.</description>
    <graphicData>
      <texPath>Things/Item/Special/MechSerumResurrector</texPath>
      <graphicClass>Graphic_Single</graphicClass>
    </graphicData>
    <stackLimit>10</stackLimit>
    <statBases>
      <MarketValue>1700</MarketValue>
    </statBases>
    <tradeability>Sellable</tradeability>
    <comps>
      <li Class="CompProperties_Usable">
        <useJob>UseItem</useJob>
        <useLabel>Use resurrector mech serum</useLabel>
        <useDuration>0</useDuration>
      </li>
      <li Class="CompProperties_Targetable">
        <compClass>CompTargetable_SingleCorpse</compClass>
        <fleshCorpsesOnly>true</fleshCorpsesOnly>
        <nonDessicatedCorpsesOnly>true</nonDessicatedCorpsesOnly>
      </li>
      <li>
        <compClass>CompTargetEffect_Resurrect</compClass>
      </li>
    </comps>
    <thingSetMakerTags>
      <li>RewardSpecial</li>
    </thingSetMakerTags>
  </ThingDef>

  <!--=============== Technology helper persona ====================-->

  <ThingDef ParentName="ResourceBase">
    <defName>TechprofSubpersonaCore</defName>
    <label>techprof subpersona core</label>
    <thingClass>ThingWithComps</thingClass>
    <description>A small AI core housing a low-grade subpersona specialized in teaching technology. When used, the AI will teach you the technology you're currently researching, instantly and for free. Can only be used once.</description>
    <graphicData>
      <texPath>Things/Item/Special/SubpersonaCoreTechprof</texPath>
      <graphicClass>Graphic_Single</graphicClass>
    </graphicData>
    <resourceReadoutPriority>Middle</resourceReadoutPriority>
    <stackLimit>1</stackLimit>
    <useHitPoints>true</useHitPoints>
    <statBases>
      <MarketValue>1000</MarketValue>
      <MaxHitPoints>100</MaxHitPoints>
      <Mass>2.0</Mass>
      <Flammability>0.2</Flammability>
    </statBases>
    <thingCategories>
      <li>Items</li>
    </thingCategories>
    <tradeability>Sellable</tradeability>
    <techLevel>Ultra</techLevel>
    <tradeTags>
      <li>ExoticMisc</li>
    </tradeTags>
    <comps>
      <li Class="CompProperties_Usable">
        <useJob>UseItem</useJob>
        <useLabel>Use techprof subpersona core</useLabel>
      </li>
      <li Class="CompProperties_UseEffect">
        <compClass>CompUseEffect_FinishRandomResearchProject</compClass>
      </li>
      <li Class="CompProperties_UseEffect">
        <compClass>CompUseEffect_DestroySelf</compClass>
      </li>
    </comps>
    <thingSetMakerTags>
      <li>RewardSpecial</li>
    </thingSetMakerTags>
  </ThingDef>

  <!--=============== Thrumbo horn ====================-->
  
  <ThingDef ParentName="ResourceVerbBase">
    <defName>ThrumboHorn</defName>
    <label>thrumbo horn</label>
    <description>A thrumbo's horn. It's razor-sharp, rock-hard, and priceless in most markets. This is a true trophy, as well as a deadly melee weapon.</description>
    <graphicData>
      <texPath>Things/Item/Special/ThrumboHorn</texPath>
      <graphicClass>Graphic_Single</graphicClass>
    </graphicData>
    <equippedAngleOffset>-20</equippedAngleOffset>
    <statBases>
      <MarketValue>800</MarketValue>
      <MaxHitPoints>150</MaxHitPoints>
      <Mass>3</Mass>
      <Flammability>0.4</Flammability>
      <DeteriorationRate>0.5</DeteriorationRate>
    </statBases>
    <resourceReadoutPriority>Middle</resourceReadoutPriority>
    <stackLimit>10</stackLimit>
    <tools>
      <li>
        <label>point</label>
        <capacities>
          <li>Scratch</li>
          <li>Stab</li>
        </capacities>
        <power>28</power>
        <cooldownTime>2.6</cooldownTime>
      </li>
      <li>
        <label>base</label>
        <capacities>
          <li>Blunt</li>
        </capacities>
        <power>9</power>
        <cooldownTime>2</cooldownTime>
      </li>
    </tools>
    <thingCategories>
      <li>Items</li>
    </thingCategories>
    <tradeTags>
      <li>ExoticMisc</li>
    </tradeTags>
    <thingSetMakerTags>
      <li>AnimalPart</li>
    </thingSetMakerTags>
  </ThingDef>
  
  <!--=============== Elephant tusk ====================-->
  
  <ThingDef ParentName="ResourceVerbBase">
    <defName>ElephantTusk</defName>
    <label>elephant tusk</label>
    <description>An elephant's tusk. It is very durable and valuable. While somewhat unwieldy as a melee weapon, it can still be deadly.</description>
    <graphicData>
      <texPath>Things/Item/Special/ElephantTusk</texPath>
      <graphicClass>Graphic_Single</graphicClass>
    </graphicData>
    <equippedAngleOffset>-20</equippedAngleOffset>
    <statBases>
      <MarketValue>80</MarketValue>
      <MaxHitPoints>150</MaxHitPoints>
      <Mass>1.8</Mass>
      <Flammability>0.9</Flammability>
      <DeteriorationRate>0.5</DeteriorationRate>
    </statBases>
    <resourceReadoutPriority>Middle</resourceReadoutPriority>
    <stackLimit>10</stackLimit>
    <tools>
      <li>
        <label>point</label>
        <capacities>
          <li>Scratch</li>
          <li>Stab</li>
        </capacities>
        <power>18.2</power>
        <cooldownTime>2.6</cooldownTime>
      </li>
      <li>
        <label>base</label>
        <capacities>
          <li>Blunt</li>
        </capacities>
        <power>9</power>
        <cooldownTime>2</cooldownTime>
        <chanceFactor>0.5</chanceFactor>
      </li>
    </tools>
    <thingCategories>
      <li>Items</li>
    </thingCategories>
    <tradeTags>
      <li>ExoticMisc</li>
    </tradeTags>
    <thingSetMakerTags>
      <li>AnimalPart</li>
    </thingSetMakerTags>
  </ThingDef>

</Defs>
