﻿<?xml version="1.0" encoding="utf-8" ?>
<Defs>

	<DifficultyDef>
		<defName>Peaceful</defName>
		<label>peaceful</label>
		<description>Build a community in sandbox environment.\n\nRecommendeed for: Players who want to focus on the community-building aspects of RimWorld.\n\nThis mode disables major threatening events, but challenges like disease, mental breaks, and mad animals still occur.</description>
		<difficulty>0</difficulty>
		<threatScale>0.10</threatScale>
		<allowBigThreats>false</allowBigThreats>
		<allowIntroThreats>false</allowIntroThreats>
		<peacefulTemples>true</peacefulTemples>
		<allowCaveHives>false</allowCaveHives>
		<predatorsHuntHumanlikes>false</predatorsHuntHumanlikes>
		<colonistMoodOffset>10</colonistMoodOffset>
		<cropYieldFactor>1.20</cropYieldFactor>
		<mineYieldFactor>1.20</mineYieldFactor>
		<researchSpeedFactor>1.20</researchSpeedFactor>
		<diseaseIntervalFactor>3</diseaseIntervalFactor>
		<enemyReproductionRateFactor>0.1</enemyReproductionRateFactor>
		<playerPawnInfectionChanceFactor>0.3</playerPawnInfectionChanceFactor>
		<manhunterChanceOnDamageFactor>0.25</manhunterChanceOnDamageFactor>
		<deepDrillInfestationChanceFactor>0</deepDrillInfestationChanceFactor>
		<foodPoisonChanceFactor>0.3</foodPoisonChanceFactor>
		<maintenanceCostFactor>0.5</maintenanceCostFactor>
		<enemyDeathOnDownedChanceFactor>0.5</enemyDeathOnDownedChanceFactor>
		<adaptationGrowthRateFactorOverZero>0</adaptationGrowthRateFactorOverZero>
	</DifficultyDef>

	<DifficultyDef>
		<defName>Easy</defName>
		<label>builder</label>
		<description>Build a colony, while still having a taste of danger.\n\nRecommended for: Players who are new to this kind of game, and players who want to build a perfect colony.\n\nMajor threats appear, but they're weaker than other modes. Some extremely dangerous events are disabled.</description>
		<difficulty>1</difficulty>
		<threatScale>0.30</threatScale>
		<predatorsHuntHumanlikes>false</predatorsHuntHumanlikes>
		<colonistMoodOffset>10</colonistMoodOffset>
		<cropYieldFactor>1.20</cropYieldFactor>
		<mineYieldFactor>1.20</mineYieldFactor>
		<researchSpeedFactor>1.20</researchSpeedFactor>
		<diseaseIntervalFactor>2.5</diseaseIntervalFactor>
		<enemyReproductionRateFactor>0.15</enemyReproductionRateFactor>
		<playerPawnInfectionChanceFactor>0.5</playerPawnInfectionChanceFactor>
		<deepDrillInfestationChanceFactor>0.25</deepDrillInfestationChanceFactor>
		<foodPoisonChanceFactor>0.5</foodPoisonChanceFactor>
		<maintenanceCostFactor>0.5</maintenanceCostFactor>
		<enemyDeathOnDownedChanceFactor>0.90</enemyDeathOnDownedChanceFactor>
		<adaptationGrowthRateFactorOverZero>0.25</adaptationGrowthRateFactorOverZero>
		<raidBeaconThreatCountFactor>0.5</raidBeaconThreatCountFactor>
	</DifficultyDef>

	<DifficultyDef>
		<defName>Medium</defName>
		<label>medium</label>
		<description>Build a community while facing down dangerous threats.\n\nRecommended for: Experienced strategy game players on their first game of RimWorld, or skilled RimWorld players who want some breathing room to pursue funny or weird goals.\n\nThere's room to grow and thrive, but it's still a dangerous planet.</description>
		<difficulty>2</difficulty>
		<threatScale>0.60</threatScale>
		<colonistMoodOffset>5</colonistMoodOffset>
		<cropYieldFactor>1</cropYieldFactor>
		<mineYieldFactor>1</mineYieldFactor>
		<researchSpeedFactor>1</researchSpeedFactor>
		<diseaseIntervalFactor>1.5</diseaseIntervalFactor>
		<enemyReproductionRateFactor>0.5</enemyReproductionRateFactor>
		<playerPawnInfectionChanceFactor>0.75</playerPawnInfectionChanceFactor>
		<deepDrillInfestationChanceFactor>0.75</deepDrillInfestationChanceFactor>
		<foodPoisonChanceFactor>0.75</foodPoisonChanceFactor>
		<maintenanceCostFactor>0.75</maintenanceCostFactor>
		<enemyDeathOnDownedChanceFactor>1</enemyDeathOnDownedChanceFactor>
		<adaptationGrowthRateFactorOverZero>0.75</adaptationGrowthRateFactorOverZero>
		<raidBeaconThreatCountFactor>0.8</raidBeaconThreatCountFactor>
	</DifficultyDef>

	<DifficultyDef>
		<defName>Rough</defName>
		<label>rough</label>
		<description>Strive to survive on a rough, tough planet.\n\nRecommended for: Players with experience with RimWorld, looking to play a rough story requiring skill to survive.\n\nThere will be good times and bad times; triumph and tragedy. It's all for the drama.</description>
		<difficulty>3</difficulty>
		<threatScale>1</threatScale>
		<adaptationEffectFactor>0.9</adaptationEffectFactor>
		<colonistMoodOffset>0</colonistMoodOffset>
		<cropYieldFactor>1</cropYieldFactor>
		<mineYieldFactor>1</mineYieldFactor>
		<researchSpeedFactor>1</researchSpeedFactor>
		<diseaseIntervalFactor>1</diseaseIntervalFactor>
		<enemyReproductionRateFactor>1</enemyReproductionRateFactor>
		<deepDrillInfestationChanceFactor>1</deepDrillInfestationChanceFactor>
		<foodPoisonChanceFactor>1</foodPoisonChanceFactor>
		<maintenanceCostFactor>1</maintenanceCostFactor>
		<enemyDeathOnDownedChanceFactor>1</enemyDeathOnDownedChanceFactor>
		<adaptationGrowthRateFactorOverZero>1</adaptationGrowthRateFactorOverZero>
		<raidBeaconThreatCountFactor>1</raidBeaconThreatCountFactor>
	</DifficultyDef>

	<DifficultyDef>
		<defName>Hard</defName>
		<label>savage</label>
		<description>Face brutal survival challenges. The price of survival is blood.\n\nRecommended for: Experienced players who want to experience great tests and sacrifice.\n\nSucceeding at this level requires diverse strategies, disciplined preparation, and luck. Threats can spike and combine in vicious ways. Even if you play well, some challenges will be impossible to overcome without losses.</description>
		<difficulty>4</difficulty>
		<threatScale>1.55</threatScale>
		<adaptationEffectFactor>0.7</adaptationEffectFactor>
		<colonistMoodOffset>-5</colonistMoodOffset>
		<tradePriceFactorLoss>0.10</tradePriceFactorLoss>
		<cropYieldFactor>0.95</cropYieldFactor>
		<mineYieldFactor>0.95</mineYieldFactor>
		<researchSpeedFactor>0.95</researchSpeedFactor>
		<diseaseIntervalFactor>0.95</diseaseIntervalFactor>
		<enemyReproductionRateFactor>1</enemyReproductionRateFactor>
		<deepDrillInfestationChanceFactor>1.1</deepDrillInfestationChanceFactor>
		<foodPoisonChanceFactor>1.1</foodPoisonChanceFactor>
		<maintenanceCostFactor>1</maintenanceCostFactor>
		<enemyDeathOnDownedChanceFactor>1</enemyDeathOnDownedChanceFactor>
		<adaptationGrowthRateFactorOverZero>1</adaptationGrowthRateFactorOverZero>
		<raidBeaconThreatCountFactor>1.1</raidBeaconThreatCountFactor>
	</DifficultyDef>

	<DifficultyDef>
		<defName>Extreme</defName>
		<label>merciless</label>
		<description>Apply mastery of every RimWorld skill for just a chance to survive a harrowing trial against a merciless, unfair world.\n\nRecommended for: Experienced players who want to face a brutal, unfair challenge where even great skill may not prevent death.\n\nThis level is about dealing with losses, because preventing them is impossible. You'll spend a lot of time fighting wounded and recovering, and you'll need to sacrifice people and things you love. Unfair challenges and capricious death may come at any time.</description>
		<drawColor>(1,0.2,0.2)</drawColor>
		<isExtreme>true</isExtreme>
		<difficulty>5</difficulty>
		<threatScale>2.2</threatScale>
		<adaptationEffectFactor>0.4</adaptationEffectFactor>
		<colonistMoodOffset>-10</colonistMoodOffset>
		<tradePriceFactorLoss>0.20</tradePriceFactorLoss>
		<cropYieldFactor>0.8</cropYieldFactor>
		<mineYieldFactor>0.8</mineYieldFactor>
		<researchSpeedFactor>0.9</researchSpeedFactor>
		<diseaseIntervalFactor>0.9</diseaseIntervalFactor>
		<enemyReproductionRateFactor>1</enemyReproductionRateFactor>
		<playerPawnInfectionChanceFactor>1.1</playerPawnInfectionChanceFactor>
		<deepDrillInfestationChanceFactor>1.3</deepDrillInfestationChanceFactor>
		<foodPoisonChanceFactor>1.2</foodPoisonChanceFactor>
		<maintenanceCostFactor>1</maintenanceCostFactor>
		<enemyDeathOnDownedChanceFactor>1</enemyDeathOnDownedChanceFactor>
		<adaptationGrowthRateFactorOverZero>1</adaptationGrowthRateFactorOverZero>
		<raidBeaconThreatCountFactor>1.2</raidBeaconThreatCountFactor>
	</DifficultyDef>
	
</Defs>
