﻿<?xml version="1.0" encoding="utf-8" ?>
<Defs>

  <RulePackDef>
    <defName>TalelessImages</defName>
    <rulePack>
      <rulesStrings>

        <!-- pawns -->
        <li>image->a solitary [Character] [desc_pawn]</li>
        <li>image->a solitary [Character] [desc_pawn] near a [TerrainFeature]</li>
        <li>image->a solitary [Character] [desc_pawn] near a [Community]</li>
        <li>image->a [Character] [desc_pawn] surrounded by [Character]s</li>
        <li>image->[Character]s playing [Game]</li>
        <li>image->a [Character] [desc_pawn] playing [Game] with [Quantity_adjphrase] [Character]s</li>
        <li>image->a [Character] [desc_pawn] holding a [Weapon]</li>
        <li>image->a [Character] [desc_pawn] eating a [Vegetable]</li>
        <li>image->[Quantity_adjphrase] [PersonJob]s and [PersonJob]s eating [Vegetable]s together</li>
        <li>image->the minor celebrity [NamePerson] [desc_pawn]</li>
        <li>image->a [Character] wearing a [Apparel] [desc_pawn]</li>
        <!-- terrain -->
        <li>image->a [Community]</li>
        <li>image->a [TerrainFeature]</li>
        <!-- objects -->
        <li>image->a [Weapon]</li>
        <li>image->a [TreeType] tree</li>
        <li>image->a [NaturalObject]</li>
        <li>image->[Quantity_adjphrase] [Weapon]s</li>
        <li>image->[Quantity_adjphrase] [Vegetable]s</li>
        <li>image->an empty [Apparel]</li>
        <!-- abstract -->
        <li>image->a [Shape]</li>
        <li>image->a [Shape] surrounded by [Shape]s</li>
        <li>image->an abstracted rendering of [ConceptAny]</li>
        <li>image->a [AdjectiveAny] abstract shape</li>

        <li>desc_pawn(p=12)-></li>
        <li>desc_pawn->flying through the air</li>
        <li>desc_pawn->suspended in the air</li>
        <li>desc_pawn->moving to the left</li>
        <li>desc_pawn->moving to the right</li>
        <li>desc_pawn->sitting on a table</li>
        <li>desc_pawn->seen through a looking glass</li>
        <li>desc_pawn->rendered in silhouette</li>
        <li>desc_pawn->riding on a [Animal] wearing a [Apparel]</li>
        <li>desc_pawn->looking [AdjectiveAny]</li>
        <li>desc_pawn->covered in [Gore]</li>
      </rulesStrings>
    </rulePack>
  </RulePackDef>


</Defs>
