﻿<?xml version="1.0" encoding="utf-8" ?>
<Defs>

  <RulePackDef>
    <defName>NamerPersonTribal</defName>
    <include>
      <li>TribalWordUtility</li>
    </include>
    <rulePack>
      <rulesStrings>
        <li>r_name(p=2)->[WordTribal] [WordTribal]</li>
        <li>r_name->[WordTribal] '[AnimalBadass]' [WordTribal]</li>
        <li>r_name->[Color] [WordTribal]</li>
        <li>r_name->[WordTribal] [Animal]</li>
        <li>r_name->[Animal] [WordTribal]</li>
        <li>r_name->[Color] [Animal]</li>
      </rulesStrings>
    </rulePack>
  </RulePackDef>

</Defs>
