﻿<?xml version="1.0" encoding="utf-8" ?>
<Defs>

  <!-- Player initial namers - used initially -->

  <RulePackDef>
    <defName>NamerInitialSettlementColony</defName>
    <rulePack>
      <rulesStrings>
        <li>r_name->Colony</li>
      </rulesStrings>
    </rulePack>
  </RulePackDef>

  <RulePackDef>
    <defName>NamerInitialSettlementTribe</defName>
    <rulePack>
      <rulesStrings>
        <li>r_name->Village</li>
      </rulesStrings>
    </rulePack>
  </RulePackDef>

  <!-- Outlander -->

  <RulePackDef>
    <defName>NamerFactionOutlander</defName>
    <include>
      <li>OutlanderPlaceNameUtility</li>
    </include>
    <rulePack>
      <rulesStrings>
        <li>r_name(p=3)->[nearnameinitial]</li>
        <li>r_name->[nearnameinitial] [political_union_outlander]</li>
        <li>r_name->[nearnameinitial] [political_adjective] [political_union_outlander]</li>
        <li>r_name->[political_union_outlander] of [nearnameinitial]</li>
        <li>r_name->[political_adjective] [political_union_outlander] of [nearnameinitial]</li>
        <li>nearnameinitial(p=3)->[PlaceOutlander]</li>
        <li>nearnameinitial->[Direction] [PlaceOutlander]</li>
      </rulesStrings>
      <rulesFiles>
        <li>political_union_outlander->Words/Nouns/PoliticalUnions_Outlander</li>
        <li>political_adjective->Words/Adjectives/PoliticalUnions</li>
      </rulesFiles>
    </rulePack>
  </RulePackDef>

  <RulePackDef>
    <defName>NamerSettlementOutlander</defName>
    <rulePack>
      <rulesStrings>
        <li>r_name(p=12)->[townname_wordgen]</li>
        <li>r_name(p=6)->[townname_fixed]</li>
        <li>r_name(p=4)->[townname_combo]</li>
        <li>r_name->[townname_near]</li>

        <li>topicalnoun->[Vegetable]</li>
        <li>topicalnoun->[Game]</li>
        <li>topicalnoun->[BodyPart]</li>

        <li>townname_combo->[topicalnoun] [TerrainFeature]</li>
        <li>townname_combo->[topicalnoun] [Community]</li>
        <li>townname_combo->[topicalnoun]'s [TerrainFeature]</li>
        <li>townname_combo->[topicalnoun]'s [Community]</li>
        <li>townname_combo(p=2)->[concept_positive]'s [TerrainFeature]</li>
        <li>townname_combo(p=2)->[concept_positive] [TerrainFeature]</li>
        <li>townname_combo(p=2)->[concept_positive] [Community]</li>
        <li>townname_combo(p=3)->[Character]'s [TerrainFeature]</li>
        <li>townname_combo(p=3)->[Character]'s [Community]</li>

        <li>townname_near->[nearnameinitial]-at-the-[TerrainFeature]</li>
        <li>townname_near->[nearnameinitial]-by-the-[TerrainFeature]</li>
        <li>townname_near->[nearnameinitial]-on-the-[TerrainFeature]</li>
        <li>nearnameinitial->[townname_wordgen]</li>
        <li>nearnameinitial->[Community]</li>

        <li>townname_wordgen(p=2)->[SylE][SylE]</li>
        <li>townname_wordgen(p=2)->[SylE][SylE][SylE]</li>
        <li>townname_wordgen(p=2)->[SylE][townend]</li>
        <li>townname_wordgen(p=2)->[SylE][SylE][townend]</li>
        <li>townname_wordgen->[TerrainFeature][townend]</li>
        <li>townname_wordgen->[topicalnoun][townend]</li>
        <li>townend->ville</li>
        <li>townend->town</li>
        <li>townend->hurst</li>
        <li>townend->bourne</li>
        <li>townend->brad</li>
        <li>townend->dale</li>
        <li>townend->hope</li>
        <li>townend->ing</li>
        <li>townend->ness</li>
        <li>townend->mere</li>
        <li>townend->shaw</li>
        <li>townend->wick</li>
        <li>townend->ton</li>
        <li>townend->ston</li>
        <li>townend->os</li>
        <li>townend->den</li>
        <li>townend->tas</li>
        <li>townend->wood</li>
        <li>townend->land</li>
        <li>townend->worth</li>
        <li>townend->roon</li>
        <li>townend->ron</li>
        <li>townend->well</li>
      </rulesStrings>
      <rulesFiles>
        <li>townname_fixed->Names/OutlanderTown</li>
        <li>concept_positive->Words/Nouns/Concepts_Positive</li>
      </rulesFiles>
    </rulePack>
  </RulePackDef>

  <!-- Tribe -->
  
  <RulePackDef>
    <defName>NamerFactionTribal</defName>
    <include>
      <li>TribalWordUtility</li>
    </include>
    <rulePack>
      <rulesStrings>
        <li>r_name->[tribalworld] [political_union_tribal]</li>
        <li>r_name->The [tribalworld] [political_union_tribal]</li>
        <li>r_name->The [Color] [TerrainFeature] [political_union_tribal]</li>
        <li>r_name->[political_union_tribal] of [WordTribal]</li>
        <li>r_name->The [Color] [Animal] [WordTribal]</li>
        <li>r_name->The [WordTribal] of the [TerrainFeature]</li>
			</rulesStrings>
      <rulesFiles>
        <li>political_union_tribal->Words/Nouns/PoliticalUnions_Tribal</li>
      </rulesFiles>
    </rulePack>
  </RulePackDef>

  <RulePackDef>
    <defName>NamerSettlementTribal</defName>
    <include>
      <li>TribalWordUtility</li>
    </include>
    <rulePack>
      <rulesStrings>
        <li>r_name(p=2)->[WordTribal]</li>
        <li>r_name->[Color] [WordTribal]</li>
        <li>r_name->[Color] [TerrainFeature]</li>
        <li>r_name->[WordTribal] [TerrainFeature]</li>
      </rulesStrings>
    </rulePack>
  </RulePackDef>

 <!-- Pirate -->

  <RulePackDef>
    <defName>NamerFactionPirate</defName>
    <rulePack>
      <rulesStrings>
        <li>r_name->The [AnimalBadass]s</li>
        <li>r_name->The [AnimalBadass] Men</li>
        <li>r_name->The [AnimalBadass]s of [ConceptBadass]</li>
        <li>r_name->The [PersonBadass]s of [ConceptBadass]</li>
        <li>r_name->The [PersonBadass]s</li>
        <li>r_name->The [Enemy]s</li>
        <li>r_name->The [Weapon] Men</li>
        <li>r_name->The [Weapon]s</li>
        <li>r_name->The [Weapon] [AnimalBadass]s</li>
        <li>r_name->The [Weapon] [Enemy]s</li>
        <li>r_name->The [ColorBadass] [Weapon]s</li>
        <li>r_name->The [ColorBadass] [AnimalBadass]s</li>
        <li>r_name->The [ColorBadass] [PersonBadass]s</li>
        <li>r_name->The [ColorBadass] [Enemy]s</li>
        <li>r_name->The [PersonBadass] [groupname]</li>
        <li>r_name->The [Enemy] [Enemy]s</li>
        <li>r_name->The [AdjectiveBadass] [groupname]</li>
        <li>r_name->The [AdjectiveBadass] [AnimalBadass]s</li>
        <li>r_name->The [AdjectiveBadass] [Enemy]s</li>
        <li>r_name->The [AdjectiveBadass] [PersonBadass]s</li>
        <li>r_name->The [PersonAlly]s of [ConceptBadass]</li>
        <li>r_name(p=0.4)->The Eaters of [Gore]</li>
        <li>r_name->[NamePerson]'s [Enemy]s</li>
        <li>r_name->[NamePerson]'s [AnimalBadass]s</li>
        <li>r_name->[NamePerson]'s [Weapon]s</li>
        <li>r_name->[Weapon] [groupname]</li>
        <li>r_name->[ConceptBadass] [groupname]</li>
      </rulesStrings>
      <rulesFiles>
        <li>groupname->Words/Nouns/GroupNames</li>
      </rulesFiles>
    </rulePack>
  </RulePackDef>

  <RulePackDef>
    <defName>NamerSettlementPirate</defName>
    <rulePack>
      <rulesStrings>
        <li>r_name(p=4)->[townname_combo]</li>
        <li>r_name->[townname_wordgen]</li>

        <li>townname_combo->[AnimalBadass] [geography]</li>
        <li>townname_combo->[AnimalBadass]'s [geography]</li>
        <li>townname_combo->[ConceptBadass] [geography]</li>
        <li>townname_combo->[ConceptBadass]'s' [geography]</li>
        <li>townname_combo->[PersonBadass] [geography]</li>
        <li>townname_combo->[PersonBadass]'s [geography]</li>
        <li>townname_combo->[Enemy]'s [geography]</li>
        <li>townname_combo->[Enemy] [geography]</li>
        <li>townname_combo->[Weapon]'s [geography]</li>
        <li>townname_combo->[Weapon] [geography]</li>
        <li>townname_combo->[ColorBadass] [geography]</li>
        <li>geography(p=2)->[TerrainFeature]</li>
        <li>geography->[Community]</li>

        <li>townname_wordgen(p=2)->[SylE][SylE]</li>
        <li>townname_wordgen(p=2)->[SylE][SylE][SylE]</li>
        <li>townname_wordgen(p=2)->[SylE][townendevil]</li>
        <li>townname_wordgen(p=2)->[SylE][SylE][townendevil]</li>
        <li>townendevil->vast</li>
        <li>townendevil->varg</li>
        <li>townendevil->vix</li>
        <li>townendevil->tor</li>
        <li>townendevil->tear</li>
        <li>townendevil->cut</li>
        <li>townendevil->lop</li>
        <li>townendevil->oze</li>
        <li>townendevil->ozzle</li>
        <li>townendevil->latch</li>
        <li>townendevil->lock</li>
        <li>townendevil->burn</li>
        <li>townendevil->sear</li>
        <li>townendevil->shank</li>
        <li>townendevil->hurt</li>
        <li>townendevil->vash</li>
        <li>townendevil->warg</li>
        <li>townendevil->wug</li>
        <li>townendevil->thot</li>
        <li>townendevil->thard</li>
        <li>townendevil->thad</li>
      </rulesStrings>
    </rulePack>
  </RulePackDef>


</Defs>
