﻿<?xml version="1.0" encoding="utf-8" ?>
<Defs>
  <RuleDef>
    <defName>Ship_Core</defName>
    <symbol>ship_core</symbol>
    <resolvers>
      <li Class="SymbolResolver_Ship_Core" />
    </resolvers>
  </RuleDef>

  <RuleDef>
    <defName>Ship_Pregen</defName>
    <symbol>ship_pregen</symbol>
    <resolvers>
      <li Class="SymbolResolver_Ship_Pregen" />
    </resolvers>
  </RuleDef>
  
  <RuleDef>
    <defName>Ship_Spine</defName>
    <symbol>ship_spine</symbol>
    <resolvers>
      <li Class="SymbolResolver_Ship_Spine" />
    </resolvers>
  </RuleDef>

  <RuleDef>
    <defName>Ship_Populate</defName>
    <symbol>ship_populate</symbol>
    <resolvers>
      <li Class="SymbolResolver_Ship_Populate" />
    </resolvers>
  </RuleDef>
</Defs>
