﻿<?xml version="1.0" encoding="utf-8" ?>
<Defs>

  <RecipeDef>
    <defName>Make_Kibble</defName>
    <label>make kibble</label>
    <description>Make animal kibble by combining raw meat and plants.</description>
    <jobString>Making kibble.</jobString>
    <workAmount>450</workAmount>
    <workSpeedStat>CookSpeed</workSpeedStat>
    <effectWorking>Cook</effectWorking>
    <soundWorking>Recipe_CookMeal</soundWorking>
    <allowMixingIngredients>true</allowMixingIngredients>
    <ingredientValueGetterClass>IngredientValueGetter_Nutrition</ingredientValueGetterClass>
    <ingredients>
      <li>
        <filter>
          <categories>
            <li>MeatRaw</li>
            <li>AnimalProductRaw</li>
          </categories>
        </filter>
        <count>1</count>
      </li>
      <li>
        <filter>
          <categories>
            <li>PlantFoodRaw</li>
          </categories>
          <thingDefs>
            <li>Hay</li>
          </thingDefs>
        </filter>
        <count>1</count>
      </li>
    </ingredients>
    <products>
      <Kibble>50</Kibble>
    </products>
    <fixedIngredientFilter>
      <categories>
        <li>FoodRaw</li>
      </categories>
      <thingDefs>
        <li>Hay</li>
      </thingDefs>
    </fixedIngredientFilter>
    <defaultIngredientFilter>
      <categories>
        <li>Foods</li>
      </categories>
      <disallowedCategories>
        <li>EggsFertilized</li>
      </disallowedCategories>
      <disallowedThingDefs>
        <li>InsectJelly</li>
      </disallowedThingDefs>
    </defaultIngredientFilter>
    <workSkill>Cooking</workSkill>
  </RecipeDef>

  <RecipeDef>
    <defName>Make_Pemmican</defName>
    <label>make pemmican</label>
    <description>Make pemmican, a preserved combination of meat and plant food. It doesn't taste amazing, but lasts a long time without refrigeration.</description>
    <jobString>Making pemmican.</jobString>
    <workAmount>700</workAmount>
    <workSpeedStat>CookSpeed</workSpeedStat>
    <requiredGiverWorkType>Cooking</requiredGiverWorkType>
    <effectWorking>Cook</effectWorking>
    <soundWorking>Recipe_CookMeal</soundWorking>
    <allowMixingIngredients>true</allowMixingIngredients>
    <ingredientValueGetterClass>IngredientValueGetter_Nutrition</ingredientValueGetterClass>
    <ingredients>
      <li>
        <filter>
          <categories>
            <li>MeatRaw</li>
          </categories>
        </filter>
        <count>0.25</count>
      </li>
      <li>
        <filter>
          <categories>
            <li>PlantFoodRaw</li>
          </categories>
        </filter>
        <count>0.25</count>
      </li>
    </ingredients>
    <products>
      <Pemmican>16</Pemmican>
    </products>
    <fixedIngredientFilter>
      <categories>
        <li>FoodRaw</li>
      </categories>
      <disallowedCategories>
        <li>AnimalProductRaw</li>
      </disallowedCategories>
      <specialFiltersToDisallow>
        <li>AllowPlantFood</li>
      </specialFiltersToDisallow>
    </fixedIngredientFilter>
    <defaultIngredientFilter>
      <categories>
        <li>FoodRaw</li>
      </categories>
      <disallowedThingDefs>
        <li>Meat_Human</li>
        <li>Meat_Megaspider</li>
      </disallowedThingDefs>
    </defaultIngredientFilter>
    <workSkill>Cooking</workSkill>
    <researchPrerequisite>Pemmican</researchPrerequisite>
  </RecipeDef>

</Defs>
