﻿<?xml version="1.0" encoding="utf-8" ?>
<Defs>

  <InspirationDef>
    <defName>Frenzy_Work</defName>
    <label>work frenzy</label>
    <baseDurationDays>8</baseDurationDays>
    <beginLetter>[PAWN_nameIndef] has experienced an inspiration!\n\n[PAWN_pronoun] will work faster for the next 8 days.</beginLetter>
    <beginLetterDef>PositiveEvent</beginLetterDef>
    <endMessage>{0} is no longer inspired (work frenzy).</endMessage>
    <baseInspectLine>Inspired: Work frenzy</baseInspectLine>
    <statFactors>
      <WorkSpeedGlobal>1.8</WorkSpeedGlobal>
    </statFactors>
  </InspirationDef>

  <InspirationDef>
    <defName>Frenzy_Go</defName>
    <label>go frenzy</label>
    <baseDurationDays>8</baseDurationDays>
    <beginLetter>[PAWN_nameIndef] has experienced an inspiration!\n\n[PAWN_pronoun] will move faster for the next 8 days.</beginLetter>
    <beginLetterDef>PositiveEvent</beginLetterDef>
    <endMessage>{0} is no longer inspired (go frenzy).</endMessage>
    <baseInspectLine>Inspired: Go frenzy</baseInspectLine>
    <statFactors>
      <MoveSpeed>1.4</MoveSpeed>
    </statFactors>
    <requiredCapacities>
      <li>Moving</li>
    </requiredCapacities>
  </InspirationDef>

  <InspirationDef>
    <defName>Frenzy_Shoot</defName>
    <label>shoot frenzy</label>
    <baseDurationDays>8</baseDurationDays>
    <beginLetter>[PAWN_nameIndef] has experienced an inspiration!\n\n[PAWN_pronoun] will shoot more accurately for the next 8 days.</beginLetter>
    <beginLetterDef>PositiveEvent</beginLetterDef>
    <endMessage>{0} is no longer inspired (shoot frenzy).</endMessage>
    <baseInspectLine>Inspired: Shoot frenzy</baseInspectLine>
    <requiredNonDisabledStats>
      <li>ShootingAccuracyPawn</li>
    </requiredNonDisabledStats>
    <statOffsets>
      <ShootingAccuracyPawn>8</ShootingAccuracyPawn>
    </statOffsets>
    <associatedSkills>
      <li>Shooting</li>
    </associatedSkills>
  </InspirationDef>

  <InspirationDef>
    <defName>Inspired_Trade</defName>
    <label>inspired trade</label>
    <baseDurationDays>8</baseDurationDays>
    <beginLetter>[PAWN_nameIndef] has experienced an inspiration!\n\n[PAWN_pronoun] will get a significant trade price bonus when closing [PAWN_possessive] next trade deal.\n\nThe inspiration will expire after 8 days, or when the deal is done.</beginLetter>
    <beginLetterDef>PositiveEvent</beginLetterDef>
    <endMessage>{0} is no longer inspired (inspired trade).</endMessage>
    <baseInspectLine>Inspired: Inspired trade</baseInspectLine>
    <requiredNonDisabledStats>
      <li>TradePriceImprovement</li>
    </requiredNonDisabledStats>
    <requiredSkills>
      <Social>3</Social>
    </requiredSkills>
    <associatedSkills>
      <li>Social</li>
    </associatedSkills>
    <statOffsets>
      <TradePriceImprovement>0.18</TradePriceImprovement>
    </statOffsets>
  </InspirationDef>

  <InspirationDef>
    <defName>Inspired_Recruitment</defName>
    <label>inspired recruitment</label>
    <baseDurationDays>8</baseDurationDays>
    <beginLetter>[PAWN_nameIndef] has experienced an inspiration!\n\n[PAWN_pronoun] will successfully recruit the next prisoner regardless of difficulty or resistance.\n\nThe inspiration will end after 8 days, or when the prisoner is recruited.</beginLetter>
    <beginLetterDef>PositiveEvent</beginLetterDef>
    <endMessage>{0} is no longer inspired (inspired recruitment).</endMessage>
    <baseInspectLine>Inspired: Inspired recruitment</baseInspectLine>
    <requiredNonDisabledStats>
      <li>NegotiationAbility</li>
    </requiredNonDisabledStats>
    <requiredNonDisabledWorkTypes>
      <li>Warden</li>
    </requiredNonDisabledWorkTypes>
    <requiredSkills>
      <Social>3</Social>
    </requiredSkills>
    <associatedSkills>
      <li>Social</li>
    </associatedSkills>
    <requiredCapacities>
      <li>Talking</li>
    </requiredCapacities>
  </InspirationDef>

  <InspirationDef>
    <defName>Inspired_Surgery</defName>
    <label>inspired surgery</label>
    <baseDurationDays>8</baseDurationDays>
    <beginLetter>[PAWN_nameIndef] has experienced an inspiration!\n\nThe next time [PAWN_pronoun] performs a surgery, [PAWN_possessive] chance of success will be doubled. A small minimum chance of failure still applies.\n\nThe inspiration will end after 8 days, or when the surgery is performed.</beginLetter>
    <beginLetterDef>PositiveEvent</beginLetterDef>
    <endMessage>{0} is no longer inspired (inspired surgery).</endMessage>
    <baseInspectLine>Inspired: Inspired surgery</baseInspectLine>
    <requiredNonDisabledStats>
      <li>MedicalSurgerySuccessChance</li>
    </requiredNonDisabledStats>
    <requiredNonDisabledWorkTypes>
      <li>Doctor</li>
    </requiredNonDisabledWorkTypes>
    <requiredSkills>
      <Medicine>3</Medicine>
    </requiredSkills>
    <associatedSkills>
      <li>Medicine</li>
    </associatedSkills>
    <requiredCapacities>
      <li>Manipulation</li>
    </requiredCapacities>
  </InspirationDef>

  <InspirationDef>
    <defName>Inspired_Creativity</defName>
    <label>inspired creativity</label>
    <baseDurationDays>8</baseDurationDays>
    <beginLetter>[PAWN_nameIndef] has experienced an inspiration!\n\nThe next item, art, or furniture [PAWN_pronoun] creates will be two quality levels higher than it would otherwise be. This even allows the creation of legendary items.\n\nThe inspiration will end after 8 days, or when the creation is completed.</beginLetter>
    <beginLetterDef>PositiveEvent</beginLetterDef>
    <endMessage>{0} is no longer inspired (inspired creativity).</endMessage>
    <baseInspectLine>Inspired: Inspired creativity</baseInspectLine>
    <requiredAnyNonDisabledWorkType>
      <li>Art</li>
      <li>Smithing</li>
      <li>Construction</li>
      <li>Tailoring</li>
    </requiredAnyNonDisabledWorkType>
    <associatedSkills>
      <li>Artistic</li>
    </associatedSkills>
    <requiredAnySkill>
      <Construction>3</Construction>
      <Artistic>3</Artistic>
      <Crafting>3</Crafting>
    </requiredAnySkill>
    <requiredCapacities>
      <li>Manipulation</li>
    </requiredCapacities>
  </InspirationDef>

</Defs>
