﻿<?xml version="1.0" encoding="utf-8" ?>
<Defs>

  <ThingDef Name="BuildingNaturalBase" Abstract="True">
    <category>Building</category>
    <selectable>true</selectable>
    <drawerType>MapMeshOnly</drawerType>
    <filthLeaving>Filth_RubbleRock</filthLeaving>
		<scatterableOnMapGen>false</scatterableOnMapGen>
	</ThingDef>


  <ThingDef Name="RockBase" ParentName="BuildingNaturalBase" Abstract="True" >
    <thingClass>Mineable</thingClass>
    <graphicData>
      <texPath>Things/Building/Linked/Rock_Atlas</texPath>
      <graphicClass>Graphic_Single</graphicClass>
      <linkType>CornerFiller</linkType>
      <linkFlags>
        <li>Rock</li>
        <li>MapEdge</li>
      </linkFlags>
    </graphicData>
    <altitudeLayer>Building</altitudeLayer>
    <passability>Impassable</passability>
    <blockWind>true</blockWind>
    <castEdgeShadows>true</castEdgeShadows>
    <fillPercent>1</fillPercent>
    <coversFloor>true</coversFloor>
    <neverMultiSelect>true</neverMultiSelect>
    <rotatable>false</rotatable>
    <saveCompressible>true</saveCompressible>
    <holdsRoof>true</holdsRoof>
    <staticSunShadowHeight>1.0</staticSunShadowHeight>
    <blockLight>true</blockLight>
    <mineable>true</mineable>
    <statBases>
      <Flammability>0</Flammability>
    </statBases>
    <building>
      <isInert>true</isInert>
      <isNaturalRock>true</isNaturalRock>
      <canBuildNonEdificesUnder>false</canBuildNonEdificesUnder>
      <deconstructible>false</deconstructible>
    </building>
  </ThingDef>


  <!--============================ Simple mineables ===============================-->


  <ThingDef ParentName="RockBase">
    <defName>CollapsedRocks</defName>
    <label>collapsed rocks</label>
    <description>Collapsed rocks, packed tightly enough to hold up a roof.</description>
    <graphicData>
      <texPath>Things/Building/Natural/CollapsedRocks</texPath>
      <graphicClass>Graphic_Single</graphicClass>
      <linkType>None</linkType>
      <drawSize>(3,3)</drawSize>
    </graphicData>
    <statBases>
      <MaxHitPoints>500</MaxHitPoints>
    </statBases>
		<rotatable>true</rotatable>
    <building>
      <isNaturalRock>false</isNaturalRock>
      <claimable>false</claimable>
    </building>
  </ThingDef>



  <!--============================ Resource rocks ===============================-->
  
  <ThingDef ParentName="RockBase">
    <defName>MineableSteel</defName>
    <label>compacted steel</label>
    <description>The remains of some ancient, collapsed structure. Rich in steel.</description>
    <graphicData>
      <texPath>Things/Building/Linked/RockFlecked_Atlas</texPath>
      <graphicClass>Graphic_Single</graphicClass>
      <shaderType>CutoutComplex</shaderType>
      <color>(114,92,83)</color>
      <colorTwo>(155,133,107)</colorTwo>
    </graphicData>
    <statBases>
      <MaxHitPoints>1500</MaxHitPoints>
    </statBases>
    <building>
      <isResourceRock>true</isResourceRock>
      <mineableThing>Steel</mineableThing>
      <mineableYield>40</mineableYield>
      <mineableScatterCommonality>1</mineableScatterCommonality>
      <mineableScatterLumpSizeRange>
        <min>30</min>
        <max>40</max>
      </mineableScatterLumpSizeRange>
    </building>
  </ThingDef>

  <ThingDef ParentName="RockBase">
    <defName>MineableSilver</defName>
    <label>silver ore</label>
    <description>Rock containing bits of silver.</description>
    <graphicData>
      <texPath>Things/Building/Linked/RockFlecked_Atlas</texPath>
      <graphicClass>Graphic_Single</graphicClass>
      <shaderType>CutoutComplex</shaderType>
      <color>(89,83,68)</color>
      <colorTwo>(147,144,134)</colorTwo>
    </graphicData>
    <statBases>
      <MaxHitPoints>1500</MaxHitPoints>
    </statBases>
    <building>
      <isResourceRock>true</isResourceRock>
      <mineableThing>Silver</mineableThing>
      <mineableYield>40</mineableYield>
      <mineableScatterCommonality>0.10</mineableScatterCommonality>
      <mineableScatterLumpSizeRange>
        <min>4</min>
        <max>12</max>
      </mineableScatterLumpSizeRange>
    </building>
  </ThingDef>

  <ThingDef ParentName="RockBase">
    <defName>MineableGold</defName>
    <label>gold ore</label>
    <description>Rock containing bits of gold.</description>
    <graphicData>
      <texPath>Things/Building/Linked/RockFlecked_Atlas</texPath>
      <graphicClass>Graphic_Single</graphicClass>
      <shaderType>CutoutComplex</shaderType>
      <color>(89,83,68)</color>
      <colorTwo>(187,173,25)</colorTwo>
    </graphicData>
    <statBases>
      <MaxHitPoints>1500</MaxHitPoints>
    </statBases>
    <building>
      <isResourceRock>true</isResourceRock>
      <mineableThing>Gold</mineableThing>
      <mineableYield>40</mineableYield>
      <mineableScatterCommonality>0.07</mineableScatterCommonality>
      <mineableScatterLumpSizeRange>
        <min>2</min>
        <max>8</max>
      </mineableScatterLumpSizeRange>
    </building>
  </ThingDef>

  <ThingDef ParentName="RockBase">
    <defName>MineableUranium</defName>
    <label>uranium ore</label>
    <description>Rock containing bits of uranium.</description>
    <graphicData>
      <texPath>Things/Building/Linked/RockFlecked_Atlas</texPath>
      <graphicClass>Graphic_Single</graphicClass>
      <shaderType>CutoutComplex</shaderType>
      <color>(114,114,114)</color>
      <colorTwo>(70,70,70)</colorTwo>
    </graphicData>
    <statBases>
      <MaxHitPoints>4000</MaxHitPoints>
    </statBases>
    <building>
      <isResourceRock>true</isResourceRock>
      <mineableThing>Uranium</mineableThing>
      <mineableYield>40</mineableYield>
      <mineableScatterCommonality>0.12</mineableScatterCommonality>
      <mineableScatterLumpSizeRange>
        <min>6</min>
        <max>12</max>
      </mineableScatterLumpSizeRange>
    </building>
  </ThingDef>

  <ThingDef ParentName="RockBase">
    <defName>MineablePlasteel</defName>
    <label>compacted plasteel</label>
    <description>Ancient compacted rubble rich in plasteel.</description>
    <graphicData>
      <texPath>Things/Building/Linked/RockFlecked_Atlas</texPath>
      <graphicClass>Graphic_Single</graphicClass>
      <shaderType>CutoutComplex</shaderType>
      <color>(110,118,118)</color>
      <colorTwo>(134,166,166)</colorTwo>
    </graphicData>
    <statBases>
      <MaxHitPoints>8000</MaxHitPoints>
    </statBases>
    <building>
      <isResourceRock>true</isResourceRock>
      <mineableThing>Plasteel</mineableThing>
      <mineableYield>40</mineableYield>
      <mineableScatterCommonality>0.05</mineableScatterCommonality>
      <mineableScatterLumpSizeRange>
        <min>2</min>
        <max>8</max>
      </mineableScatterLumpSizeRange>
    </building>
  </ThingDef>

  
  <ThingDef ParentName="RockBase">
    <defName>MineableJade</defName>
    <label>jade</label>
    <description>Rock containing bits of jade.</description>
    <graphicData>
      <texPath>Things/Building/Linked/RockFlecked_Atlas</texPath>
      <graphicClass>Graphic_Single</graphicClass>
      <shaderType>CutoutComplex</shaderType>
      <color>(68,83,68)</color>
      <colorTwo>(30,173,25)</colorTwo>
    </graphicData>
    <statBases>
      <MaxHitPoints>1500</MaxHitPoints>
    </statBases>
    <building>
      <isResourceRock>true</isResourceRock>
      <mineableThing>Jade</mineableThing>
      <mineableYield>40</mineableYield>
      <mineableScatterCommonality>0.065</mineableScatterCommonality>
      <mineableScatterLumpSizeRange>
        <min>2</min>
        <max>8</max>
      </mineableScatterLumpSizeRange>
    </building>
  </ThingDef>
  
  
  <ThingDef ParentName="RockBase">
    <defName>MineableComponentsIndustrial</defName>
    <label>compacted machinery</label>
    <description>Ancient machinery, compacted over time. Can be mined for useful components.</description>
    <graphicData>
      <texPath>Things/Building/Linked/CompactedMachinery_Atlas</texPath>
      <graphicClass>Graphic_Single</graphicClass>
      <shaderType>CutoutComplex</shaderType>
    </graphicData>
    <statBases>
      <MaxHitPoints>2000</MaxHitPoints>
    </statBases>
    <building>
      <isResourceRock>true</isResourceRock>
      <mineableThing>ComponentIndustrial</mineableThing>
      <mineableYield>2</mineableYield>
      <mineableScatterCommonality>1.00</mineableScatterCommonality> <!-- as often as steel, with smaller blotches -->
      <mineableScatterLumpSizeRange>
        <min>3</min>
        <max>6</max>
      </mineableScatterLumpSizeRange>
    </building>
  </ThingDef>

  <ThingDef ParentName="BuildingNaturalBase">
    <defName>SteamGeyser</defName>
    <label>steam geyser</label>
    <description>A natural source of high-pressure steam. Geothermal generators can harness the steam power. Rooms built over this will rapidly cook.</description>
    <thingClass>Building_SteamGeyser</thingClass>
    <graphicData>
      <texPath>Things/Building/Natural/SteamGeyser</texPath>
      <graphicClass>Graphic_Single</graphicClass>
      <shaderType>Transparent</shaderType>
      <drawSize>(4,4)</drawSize>
    </graphicData>
    <altitudeLayer>Floor</altitudeLayer>
		<rotatable>false</rotatable>
    <destroyable>false</destroyable>
    <useHitPoints>false</useHitPoints>
    <tickerType>Normal</tickerType>
    <selectable>true</selectable>
    <size>(2,2)</size>
    <neverOverlapFloors>true</neverOverlapFloors>
    <blockPlants>true</blockPlants>
    <building>
      <isEdifice>false</isEdifice>
      <claimable>false</claimable>
      <deconstructible>false</deconstructible>
    </building>
  </ThingDef>

  <ThingDef ParentName="BuildingNaturalBase">
    <defName>Hive</defName>
    <label>hive</label>
    <description>A hive of giant insects. If activated, it will spawn additional insects and hives over time, as well as valuable insect jelly.</description>
    <thingClass>Hive</thingClass>
    <graphicData>
      <texPath>Things/Building/Natural/Hive</texPath>
      <graphicClass>Graphic_Single</graphicClass>
      <drawSize>1.6</drawSize>
    </graphicData>
    <altitudeLayer>Building</altitudeLayer>
    <rotatable>false</rotatable>
    <fillPercent>0.5</fillPercent>
    <statBases>
      <MaxHitPoints>130</MaxHitPoints>
      <Flammability>1.0</Flammability>
    </statBases>
    <pathCost>50</pathCost>
    <blockWind>true</blockWind>
    <tickerType>Normal</tickerType>
    <passability>PassThroughOnly</passability>
    <killedLeavings>
      <InsectJelly>30</InsectJelly>
    </killedLeavings>
    <comps>
      <li Class="CompProperties_SpawnerHives" />
      <li Class="CompProperties_Spawner">
        <thingToSpawn>InsectJelly</thingToSpawn>
        <spawnCount>20</spawnCount>
        <spawnIntervalRange>
          <min>26000</min>
          <max>30000</max>
        </spawnIntervalRange>
        <spawnMaxAdjacent>40</spawnMaxAdjacent>
        <spawnForbidden>true</spawnForbidden>
        <saveKeysPrefix>jelly</saveKeysPrefix>
      </li>
      <li Class="CompProperties_Spawner">
        <thingToSpawn>GlowPod</thingToSpawn>
        <spawnCount>1</spawnCount>
        <spawnIntervalRange>
          <min>30000</min>
          <max>60000</max>
        </spawnIntervalRange>
        <spawnMaxAdjacent>1</spawnMaxAdjacent>
        <saveKeysPrefix>pod</saveKeysPrefix>
        <inheritFaction>true</inheritFaction>
      </li>
      <li Class="CompProperties_HeatPusher">
        <heatPerSecond>6</heatPerSecond>
        <heatPushMaxTemperature>38</heatPushMaxTemperature>
      </li>
      <li Class="CompProperties_SpawnerFilth">
        <filthDef>Filth_Slime</filthDef>
        <spawnCountOnSpawn>10</spawnCountOnSpawn>
        <spawnMtbHours>4</spawnMtbHours>
        <spawnRadius>5</spawnRadius>
      </li>
      <li Class="CompProperties_Maintainable">
        <ticksHealthy>60000</ticksHealthy>
        <ticksNeedsMaintenance>40000</ticksNeedsMaintenance>
        <damagePerTickRare>10</damagePerTickRare>
      </li>
    </comps>
  </ThingDef>

  <ThingDef ParentName="BuildingNaturalBase">
    <defName>GlowPod</defName>
    <label>glow pod</label>
    <description>A bioluminescent pod produced by giant insects. Glows under its own light for a long time, then dies.</description>
    <thingClass>Building</thingClass>
    <minifiedDef>MinifiedThing</minifiedDef>
    <altitudeLayer>Building</altitudeLayer>
    <passability>PassThroughOnly</passability>
    <selectable>true</selectable>
    <fillPercent>0.20</fillPercent>
    <leaveResourcesWhenKilled>false</leaveResourcesWhenKilled>
    <rotatable>false</rotatable>
    <tickerType>Rare</tickerType>
    <thingCategories>
      <li>BuildingsSpecial</li>
    </thingCategories>
    <statBases>
      <MaxHitPoints>50</MaxHitPoints>
      <Mass>4</Mass>
      <Flammability>1.0</Flammability>
      <MarketValue>50</MarketValue>
    </statBases>
    <comps>
      <li Class="CompProperties_Glower">
        <glowRadius>6</glowRadius>
        <glowColor>(113,141,117,0)</glowColor>
      </li>
      <li Class="CompProperties_Lifespan">
        <lifespanTicks>1200000</lifespanTicks>
      </li>
    </comps>
    <graphicData>
      <texPath>Things/Building/Natural/GlowPod</texPath>
      <graphicClass>Graphic_Single</graphicClass>
      <shadowData>
        <volume>(0.3, 0.6, 0.3)</volume>
        <offset>(0,0,-0.1)</offset>
      </shadowData>
      <damageData>
        <rect>(0.2,0.2,0.6,0.6)</rect>
      </damageData>
    </graphicData>
  </ThingDef>

</Defs>
