﻿<?xml version="1.0" encoding="utf-8"?><Defs>

  <SoundDef>
    <defName>Interact_ConstructMetal</defName>  
    <sustain>True</sustain>  
    <context>MapOnly</context>
    <eventNames />  
    <maxSimultaneous>1</maxSimultaneous>  
    <priorityMode>PrioritizeNearest</priorityMode>  
    <subSounds>
      <li>
        <muteWhenPaused>True</muteWhenPaused>      
        <grains>
          <li Class="AudioGrain_Folder">
            <clipFolderPath>Interact/Work/Construct/Metal</clipFolderPath>
          </li>
        </grains>      
        <volumeRange>
          <min>17.05883</min>        
          <max>19.41177</max>
        </volumeRange>      
        <sustainLoop>False</sustainLoop>
      </li>
    </subSounds>
  </SoundDef>

  <SoundDef>
    <defName>Interact_ConstructDirt</defName>  
    <sustain>True</sustain>  
    <context>MapOnly</context>
    <eventNames />  
    <maxSimultaneous>1</maxSimultaneous>  
    <priorityMode>PrioritizeNearest</priorityMode>  
    <subSounds>
      <li>
        <muteWhenPaused>True</muteWhenPaused>      
        <grains>
          <li Class="AudioGrain_Folder">
            <clipFolderPath>Interact/Work/Construct/Dig</clipFolderPath>
          </li>
        </grains>      
        <volumeRange>
          <min>12</min>        
          <max>50</max>
        </volumeRange>      
        <sustainLoop>False</sustainLoop>      
        <sustainIntervalRange>
          <min>0.7948722</min>        
          <max>0.7948722</max>
        </sustainIntervalRange>
      </li>
    </subSounds>
  </SoundDef>
  
  <SoundDef>
    <defName>Harvest_Standard</defName>  
    <sustain>True</sustain>  
    <context>MapOnly</context>
    <eventNames />  
    <maxSimultaneous>1</maxSimultaneous>  
    <priorityMode>PrioritizeNearest</priorityMode>  
    <subSounds>
      <li>
        <muteWhenPaused>True</muteWhenPaused>      
        <grains>
          <li Class="AudioGrain_Folder">
            <clipFolderPath>Interact/Work/Grow</clipFolderPath>
          </li>
        </grains>      
        <volumeRange>
          <min>9</min>        
          <max>10</max>
        </volumeRange>      
        <distRange>
          <min>25</min>        
          <max>50</max>
        </distRange>      
        <sustainLoop>False</sustainLoop>
      </li>
    </subSounds>
  </SoundDef>

  <SoundDef>
    <defName>Harvest_Standard_Finish</defName>  
    <context>MapOnly</context>
    <eventNames />  
    <maxSimultaneous>1</maxSimultaneous>  
    <priorityMode>PrioritizeNearest</priorityMode>  
    <subSounds>
      <li>
        <muteWhenPaused>True</muteWhenPaused>      
        <grains>
          <li Class="AudioGrain_Folder">
            <clipFolderPath>Interact/Work/Grow</clipFolderPath>
          </li>
        </grains>      
        <volumeRange>
          <min>9</min>        
          <max>10</max>
        </volumeRange>      
        <distRange>
          <min>25</min>        
          <max>50</max>
        </distRange>      
        <sustainLoop>False</sustainLoop>
      </li>
    </subSounds>
  </SoundDef>

  <SoundDef>
    <defName>Interact_Repair_Start</defName>  
    <context>MapOnly</context>
    <eventNames />  
    <maxSimultaneous>1</maxSimultaneous>  
    <subSounds>
      <li>
        <grains>
          <li Class="AudioGrain_Clip">
            <clipPath>Interact/Work/Repair/WeldStart</clipPath>
          </li>
        </grains>      
        <volumeRange>
          <min>9.304348</min>        
          <max>12.56522</max>
        </volumeRange>      
        <pitchRange>
          <min>0.8236416</min>        
          <max>1.14837</max>
        </pitchRange>      
        <sustainLoopDurationRange>
          <min>999</min>        
          <max>999</max>
        </sustainLoopDurationRange>
      </li>
    </subSounds>
  </SoundDef>

  <SoundDef>
    <defName>Interact_Repair</defName>  
    <sustain>True</sustain>  
    <context>MapOnly</context>
    <eventNames />  
    <maxSimultaneous>1</maxSimultaneous>  
    <priorityMode>PrioritizeNearest</priorityMode>  
    <sustainStartSound>Interact_Repair_Start</sustainStartSound>  
    <subSounds>
      <li>
        <muteWhenPaused>True</muteWhenPaused>      
        <grains>
          <li Class="AudioGrain_Clip">
            <clipPath>Interact/Work/Repair/WeldLoop</clipPath>
          </li>
        </grains>      
        <volumeRange>
          <min>17.17392</min>        
          <max>17.17392</max>
        </volumeRange>      
        <pitchRange>
          <min>0.8304347</min>        
          <max>1.169566</max>
        </pitchRange>      
        <sustainLoopDurationRange>
          <min>2.391304</min>        
          <max>0.9782609</max>
        </sustainLoopDurationRange>      
        <sustainIntervalRange>
          <min>-0.3294118</min>        
          <max>-0.3294118</max>
        </sustainIntervalRange>      
        <sustainAttack>0.05882355</sustainAttack>      
        <sustainRelease>0.4823529</sustainRelease>
      </li>
    </subSounds>
  </SoundDef>

  <SoundDef>
    <defName>Interact_Sow</defName>  
    <sustain>True</sustain>  
    <context>MapOnly</context>
    <eventNames />  
    <maxSimultaneous>1</maxSimultaneous>  
    <priorityMode>PrioritizeNearest</priorityMode>  
    <subSounds>
      <li>
        <muteWhenPaused>True</muteWhenPaused>      
        <grains>
          <li Class="AudioGrain_Folder">
            <clipFolderPath>Interact/Work/Grow</clipFolderPath>
          </li>
        </grains>      
        <volumeRange>
          <min>3</min>        
          <max>6</max>
        </volumeRange>      
        <sustainLoop>False</sustainLoop>
      </li>
    </subSounds>
  </SoundDef>

  <SoundDef>
    <defName>Interact_Research</defName>  
    <sustain>True</sustain>  
    <context>MapOnly</context>
    <eventNames />  
    <maxSimultaneous>1</maxSimultaneous>  
    <priorityMode>PrioritizeNearest</priorityMode>  
    <subSounds>
      <li>
        <muteWhenPaused>True</muteWhenPaused>      
        <grains>
          <li Class="AudioGrain_Folder">
            <clipFolderPath>Interact/Work/Research</clipFolderPath>
          </li>
        </grains>      
        <volumeRange>
          <min>30</min>        
          <max>30</max>
        </volumeRange>      
        <pitchRange>
          <min>0.8</min>        
          <max>1.2</max>
        </pitchRange>      
        <sustainLoop>False</sustainLoop>      
        <sustainIntervalRange>
          <min>5</min>        
          <max>5</max>
        </sustainIntervalRange>
      </li>
    </subSounds>
  </SoundDef>

  <SoundDef>
    <defName>Harvest_Tree</defName>  
    <sustain>True</sustain>  
    <context>MapOnly</context>
    <eventNames />  
    <priorityMode>PrioritizeNearest</priorityMode>  
    <subSounds>
      <li>
        <muteWhenPaused>True</muteWhenPaused>      
        <grains>
          <li Class="AudioGrain_Folder">
            <clipFolderPath>Interact/Work/Construct/Trees/Tree_Chop</clipFolderPath>
          </li>
        </grains>      
        <volumeRange>
          <min>10</min>        
          <max>10</max>
        </volumeRange>      
        <pitchRange>
          <min>0.9408336</min>        
          <max>1.207082</max>
        </pitchRange>      
        <repeatMode>NeverTwice</repeatMode>      
        <sustainLoop>False</sustainLoop>
      </li>
    </subSounds>
  </SoundDef>

  <SoundDef>
    <defName>Harvest_Tree_Finish</defName>  
    <context>MapOnly</context>
    <eventNames />  
    <subSounds>
      <li>
        <grains>
          <li Class="AudioGrain_Folder">
            <clipFolderPath>Interact/Work/Construct/Trees/Tree_Felled</clipFolderPath>
          </li>
        </grains>      
        <volumeRange>
          <min>20</min>        
          <max>20</max>
        </volumeRange>      
        <repeatMode>NeverTwice</repeatMode>      
        <sustainLoop>False</sustainLoop>
      </li>
    </subSounds>
  </SoundDef>

  <SoundDef>
    <defName>Recipe_MakeWoodPlanks_Hand</defName>  
    <sustain>True</sustain>  
    <context>MapOnly</context>
    <eventNames />  
    <priorityMode>PrioritizeNearest</priorityMode>  
    <subSounds>
      <li>
        <muteWhenPaused>True</muteWhenPaused>      
        <grains>
          <li Class="AudioGrain_Folder">
            <clipFolderPath>Interact/Work/Construct/Wood/Wood_Saw_Hand</clipFolderPath>
          </li>
        </grains>      
        <volumeRange>
          <min>10</min>        
          <max>10</max>
        </volumeRange>      
        <pitchRange>
          <min>0.9541177</min>        
          <max>1.091765</max>
        </pitchRange>      
        <sustainLoop>False</sustainLoop>
      </li>
    </subSounds>
  </SoundDef>

  <SoundDef>
    <defName>Recipe_MakeWoodPlanks_Electric</defName>  
    <sustain>True</sustain>  
    <context>MapOnly</context>
    <eventNames />  
    <priorityMode>PrioritizeNearest</priorityMode>  
    <sustainStopSound>Recipe_CircularSaw_Off</sustainStopSound>  
    <subSounds>
      <li>
        <muteWhenPaused>True</muteWhenPaused>      
        <grains>
          <li Class="AudioGrain_Folder">
            <clipFolderPath>Interact/Work/Construct/Wood/Wood_Saw_Circular</clipFolderPath>
          </li>
        </grains>      
        <volumeRange>
          <min>10.2504</min>        
          <max>11.1252</max>
        </volumeRange>      
        <pitchRange>
          <min>0.9770588</min>        
          <max>1.068824</max>
        </pitchRange>      
        <sustainLoop>False</sustainLoop>      
        <sustainIntervalRange>
          <min>-1.102564</min>        
          <max>-1.102564</max>
        </sustainIntervalRange>      
        <sustainRelease>0.5314582</sustainRelease>
      </li>    
      <li>
        <muteWhenPaused>True</muteWhenPaused>      
        <grains>
          <li Class="AudioGrain_Folder">
            <clipFolderPath>Interact/Work/Construct/Circular_Saw/Saw_Circular_Cuts</clipFolderPath>
          </li>
        </grains>      
        <volumeRange>
          <min>12</min>        
          <max>12</max>
        </volumeRange>      
        <pitchRange>
          <min>0.8986984</min>        
          <max>1.279892</max>
        </pitchRange>      
        <repeatMode>Any</repeatMode>      
        <sustainLoop>False</sustainLoop>      
        <sustainIntervalRange>
          <min>1</min>        
          <max>1</max>
        </sustainIntervalRange>
      </li>
    </subSounds>
  </SoundDef>

  <SoundDef>
    <defName>Recipe_CircularSaw_Off</defName>  
    <context>MapOnly</context>
    <eventNames />  
    <maxVoices>2</maxVoices>  
    <subSounds>
      <li>
        <grains>
          <li Class="AudioGrain_Clip">
            <clipPath>Interact/Work/Construct/Circular_Saw/Saw_Circular_Off/Wood_Saw_Circular_Off</clipPath>
          </li>
        </grains>      
        <volumeRange>
          <min>11</min>        
          <max>11</max>
        </volumeRange>      
        <pitchRange>
          <min>0.9311764</min>        
          <max>1.137647</max>
        </pitchRange>      
        <sustainLoop>False</sustainLoop>
      </li>
    </subSounds>
  </SoundDef>

  <SoundDef>
    <defName>Interact_ConstructWood</defName>  
    <sustain>True</sustain>  
    <context>MapOnly</context>
    <eventNames />  
    <maxVoices>2</maxVoices>  
    <priorityMode>PrioritizeNearest</priorityMode>  
    <sustainStopSound>Finish_Wood</sustainStopSound>  
    <subSounds>
      <li>
        <muteWhenPaused>True</muteWhenPaused>      
        <grains>
          <li Class="AudioGrain_Folder">
            <clipFolderPath>Interact/Work/Construct/Wood/Construct_Wood</clipFolderPath>
          </li>
        </grains>      
        <volumeRange>
          <min>12</min>        
          <max>12</max>
        </volumeRange>      
        <pitchRange>
          <min>0.9541177</min>        
          <max>1.068824</max>
        </pitchRange>      
        <sustainLoop>False</sustainLoop>      
        <sustainIntervalRange>
          <min>-0.5128205</min>        
          <max>-0.5128205</max>
        </sustainIntervalRange>
      </li>    
      <li>
        <muteWhenPaused>True</muteWhenPaused>      
        <grains>
          <li Class="AudioGrain_Folder">
            <clipFolderPath>Interact/Work/Construct/Wood/Rummage_Wood</clipFolderPath>
          </li>
        </grains>      
        <volumeRange>
          <min>5</min>        
          <max>6</max>
        </volumeRange>      
        <pitchRange>
          <min>0.9311765</min>        
          <max>1.160588</max>
        </pitchRange>      
        <sustainLoop>False</sustainLoop>
      </li>
    </subSounds>
  </SoundDef>

  <SoundDef>
    <defName>Finish_Wood</defName>  
    <context>MapOnly</context>
    <eventNames />  
    <subSounds>
      <li>
        <grains>
          <li Class="AudioGrain_Folder">
            <clipFolderPath>Interact/Work/Construct/Wood/Finish_Wood</clipFolderPath>
          </li>
        </grains>      
        <volumeRange>
          <min>12</min>        
          <max>12</max>
        </volumeRange>      
        <sustainLoop>False</sustainLoop>
      </li>
    </subSounds>
  </SoundDef>

  <SoundDef>
    <defName>Interact_CleanFilth</defName>  
    <sustain>True</sustain>  
    <context>MapOnly</context>
    <eventNames />  
    <maxVoices>2</maxVoices>  
    <priorityMode>PrioritizeNearest</priorityMode>  
    <subSounds>
      <li>
        <muteWhenPaused>True</muteWhenPaused>      
        <grains>
          <li Class="AudioGrain_Folder">
            <clipFolderPath>Interact/Work/Clean/Cleaning_Sweeping</clipFolderPath>
          </li>
        </grains>      
        <volumeRange>
          <min>5</min>        
          <max>5</max>
        </volumeRange>      
        <pitchRange>
          <min>1</min>        
          <max>1.114706</max>
        </pitchRange>      
        <distRange>
          <min>0</min>        
          <max>44.41861</max>
        </distRange>      
        <repeatMode>NeverTwice</repeatMode>      
        <sustainLoop>False</sustainLoop>
      </li>
    </subSounds>
  </SoundDef>

  <SoundDef>
    <defName>Recipe_MakeStoneBlocks</defName>  
    <sustain>True</sustain>  
    <context>MapOnly</context>
    <eventNames />  
    <maxVoices>2</maxVoices>  
    <priorityMode>PrioritizeNearest</priorityMode>  
    <sustainStopSound>Finish_StoneBlock</sustainStopSound>  
    <subSounds>
      <li>
        <muteWhenPaused>True</muteWhenPaused>      
        <grains>
          <li Class="AudioGrain_Folder">
            <clipFolderPath>Interact/Work/Construct/Stone/Hammer_Stone</clipFolderPath>
          </li>
        </grains>      
        <volumeRange>
          <min>1.079137</min>        
          <max>10.56115</max>
        </volumeRange>      
        <pitchRange>
          <min>0.9719425</min>        
          <max>1.022941</max>
        </pitchRange>      
        <distRange>
          <min>25</min>        
          <max>50</max>
        </distRange>      
        <sustainLoop>False</sustainLoop>
      </li>    
      <li>
        <muteWhenPaused>True</muteWhenPaused>      
        <grains>
          <li Class="AudioGrain_Folder">
            <clipFolderPath>Interact/Work/Construct/Stone/Stone_Chunk_Light</clipFolderPath>
          </li>
        </grains>      
        <volumeRange>
          <min>3.578174</min>        
          <max>12</max>
        </volumeRange>      
        <pitchRange>
          <min>1</min>        
          <max>1.185696</max>
        </pitchRange>      
        <distRange>
          <min>25</min>        
          <max>50</max>
        </distRange>      
        <repeatMode>NeverTwice</repeatMode>      
        <sustainLoop>False</sustainLoop>
      </li>
    </subSounds>
  </SoundDef>

  <SoundDef>
    <defName>Finish_StoneBlock</defName>  
    <context>MapOnly</context>
    <eventNames />  
    <maxVoices>1</maxVoices>  
    <priorityMode>PrioritizeNearest</priorityMode>  
    <subSounds>
      <li>
        <grains>
          <li Class="AudioGrain_Clip">
            <clipPath>Interact/Work/Construct/Stone/StoneBlock_Drop/StoneBlock_Drop_1a</clipPath>
          </li>
        </grains>      
        <volumeRange>
          <min>12</min>        
          <max>12</max>
        </volumeRange>      
        <sustainLoop>False</sustainLoop>
      </li>
    </subSounds>
  </SoundDef>

  <SoundDef>
    <defName>Recipe_ButcherCorpseFlesh</defName>  
    <sustain>True</sustain>  
    <context>MapOnly</context>
    <eventNames />  
    <maxVoices>2</maxVoices>  
    <priorityMode>PrioritizeNearest</priorityMode>  
    <subSounds>
      <li>
        <muteWhenPaused>True</muteWhenPaused>      
        <grains>
          <li Class="AudioGrain_Folder">
            <clipFolderPath>Interact/Work/Butcher/Butcher_Meat</clipFolderPath>
          </li>
        </grains>      
        <volumeRange>
          <min>12</min>        
          <max>12</max>
        </volumeRange>      
        <pitchRange>
          <min>0.9311765</min>        
          <max>1.091765</max>
        </pitchRange>      
        <distRange>
          <min>25</min>        
          <max>50</max>
        </distRange>      
        <sustainLoop>False</sustainLoop>
      </li>
    </subSounds>
  </SoundDef>

  <SoundDef>
    <defName>Recipe_ButcherCorpseMechanoid</defName>  
    <sustain>True</sustain>  
    <context>MapOnly</context>
    <eventNames />  
    <maxVoices>2</maxVoices>  
    <priorityMode>PrioritizeNearest</priorityMode>  
    <subSounds>
      <li>
        <muteWhenPaused>True</muteWhenPaused>      
        <grains>
          <li Class="AudioGrain_Folder">
            <clipFolderPath>Interact/Work/Butcher/Butcher_Mechanoid/Centipede</clipFolderPath>
          </li>
        </grains>      
        <volumeRange>
          <min>2</min>        
          <max>4</max>
        </volumeRange>      
        <pitchRange>
          <min>0.9770588</min>        
          <max>1.068824</max>
        </pitchRange>      
        <distRange>
          <min>25</min>        
          <max>50</max>
        </distRange>      
        <sustainLoop>False</sustainLoop>      
        <sustainIntervalRange>
          <min>-0.3076923</min>
          <max>-0.3076923</max>
        </sustainIntervalRange>
      </li>    
      <li>
        <muteWhenPaused>True</muteWhenPaused>      
        <grains>
          <li Class="AudioGrain_Folder">
            <clipFolderPath>Interact/Work/Butcher/Butcher_Mechanoid/Generic</clipFolderPath>
          </li>
        </grains>      
        <volumeRange>
          <min>5</min>        
          <max>5</max>
        </volumeRange>      
        <pitchRange>
          <min>0.8529411</min>        
          <max>1</max>
        </pitchRange>      
        <distRange>
          <min>25</min>        
          <max>50</max>
        </distRange>      
        <sustainLoop>False</sustainLoop>      
        <sustainIntervalRange>
          <min>0.5128205</min>        
          <max>0.5128205</max>
        </sustainIntervalRange>
      </li>
    </subSounds>
  </SoundDef>

  <SoundDef>
    <defName>Crematorium_Stop</defName>  
    <context>MapOnly</context>
    <eventNames />  
    <subSounds>
      <li>
        <grains>
          <li Class="AudioGrain_Clip">
            <clipPath>Interact/Work/Cremate/Crematorium/Crematorium_Stop_1a</clipPath>
          </li>
        </grains>      
        <volumeRange>
          <min>6</min>        
          <max>6</max>
        </volumeRange>      
        <sustainLoop>False</sustainLoop>
      </li>
    </subSounds>
  </SoundDef>

  <SoundDef>
    <defName>Recipe_Cremate</defName>  
    <sustain>True</sustain>  
    <context>MapOnly</context>
    <eventNames />  
    <priorityMode>PrioritizeNearest</priorityMode>  
    <sustainStopSound>Crematorium_Stop</sustainStopSound>  
    <subSounds>
      <li>
        <muteWhenPaused>True</muteWhenPaused>      
        <grains>
          <li Class="AudioGrain_Clip">
            <clipPath>Interact/Work/Cremate/Crematorium/Crematorium_Loop</clipPath>
          </li>
        </grains>      
        <volumeRange>
          <min>4.705883</min>        
          <max>2.352941</max>
        </volumeRange>      
        <pitchRange>
          <min>1</min>        
          <max>1.013529</max>
        </pitchRange>
      </li>    
      <li>
        <muteWhenPaused>True</muteWhenPaused>      
        <grains>
          <li Class="AudioGrain_Folder">
            <clipFolderPath>Interact/Work/Cremate/Burning_Corpse</clipFolderPath>
          </li>
        </grains>      
        <volumeRange>
          <min>11.52941</min>        
          <max>12.70588</max>
        </volumeRange>      
        <pitchRange>
          <min>1.145743</min>        
          <max>0.9583591</max>
        </pitchRange>      
        <distRange>
          <min>10</min>        
          <max>50</max>
        </distRange>      
        <sustainLoop>False</sustainLoop>      
        <sustainIntervalRange>
          <min>-1.031524</min>        
          <max>-1.031524</max>
        </sustainIntervalRange>
      </li>
    </subSounds>
  </SoundDef>

  <SoundDef>
    <defName>Smelt_Start</defName>  
    <context>MapOnly</context>
    <eventNames />  
    <subSounds>
      <li>
        <grains>
          <li Class="AudioGrain_Clip">
            <clipPath>Interact/Work/Smelt/ElectricSmelter/Start/ElectricSmelterStart_1a</clipPath>
          </li>
        </grains>      
        <volumeRange>
          <min>7.162788</min>        
          <max>7.162788</max>
        </volumeRange>      
        <sustainLoop>False</sustainLoop>
      </li>
    </subSounds>
  </SoundDef>

  <SoundDef>
    <defName>Smelt_Stop</defName>  
    <context>MapOnly</context>
    <eventNames />  
    <subSounds>
      <li>
        <grains>
          <li Class="AudioGrain_Clip">
            <clipPath>Interact/Work/Smelt/ElectricSmelter/Stop/ElectricSmelterStop_1a</clipPath>
          </li>
        </grains>      
        <volumeRange>
          <min>6</min>        
          <max>6</max>
        </volumeRange>      
        <sustainLoop>False</sustainLoop>
      </li>
    </subSounds>
  </SoundDef>

  <SoundDef>
    <defName>Recipe_Smelt</defName>  
    <sustain>True</sustain>  
    <context>MapOnly</context>
    <eventNames />  
    <priorityMode>PrioritizeNearest</priorityMode>  
    <sustainStartSound>Smelt_Start</sustainStartSound>  
    <sustainStopSound>Smelt_Stop</sustainStopSound>  
    <subSounds>
      <li>
        <muteWhenPaused>True</muteWhenPaused>      
        <grains>
          <li Class="AudioGrain_Clip">
            <clipPath>Interact/Work/Smelt/ElectricSmelter/Loop/ElectricSmelterLoop_1a</clipPath>
          </li>
        </grains>      
        <volumeRange>
          <min>11.68263</min>        
          <max>11.68263</max>
        </volumeRange>      
        <pitchRange>
          <min>1</min>        
          <max>1.013529</max>
        </pitchRange>      
        <distRange>
          <min>10</min>        
          <max>38</max>
        </distRange>
      </li>
    </subSounds>
  </SoundDef>

  <SoundDef>
    <defName>Recipe_CookMeal</defName>  
    <sustain>True</sustain>  
    <context>MapOnly</context>
    <eventNames />  
    <maxVoices>3</maxVoices>  
    <priorityMode>PrioritizeNearest</priorityMode>  
    <subSounds>
      <li>
        <muteWhenPaused>True</muteWhenPaused>      
        <grains>
          <li Class="AudioGrain_Folder">
            <clipFolderPath>Interact/Work/Cook/Pan_Fry</clipFolderPath>
          </li>
        </grains>      
        <volumeRange>
          <min>7</min>        
          <max>7</max>
        </volumeRange>      
        <pitchRange>
          <min>0.9541177</min>        
          <max>1.137647</max>
        </pitchRange>      
        <distRange>
          <min>10</min>        
          <max>50</max>
        </distRange>
      </li>
    </subSounds>
  </SoundDef>

  <SoundDef>
    <defName>Recipe_Sculpt</defName>  
    <sustain>True</sustain>  
    <context>MapOnly</context>
    <eventNames />  
    <maxVoices>3</maxVoices>  
    <priorityMode>PrioritizeNearest</priorityMode>  
    <sustainStartSound>Sculpt_Start</sustainStartSound>  
    <sustainStopSound>Sculpt_Stop</sustainStopSound>  
    <subSounds>
      <li>
        <muteWhenPaused>True</muteWhenPaused>      
        <grains>
          <li Class="AudioGrain_Folder">
            <clipFolderPath>Interact/Work/Sculpt/Sculpting_Loop</clipFolderPath>
          </li>
        </grains>      
        <volumeRange>
          <min>10</min>        
          <max>10</max>
        </volumeRange>      
        <pitchRange>
          <min>0.9541177</min>        
          <max>1.137647</max>
        </pitchRange>      
        <distRange>
          <min>10</min>        
          <max>50</max>
        </distRange>      
        <sustainLoop>False</sustainLoop>
      </li>
    </subSounds>
  </SoundDef>

  <SoundDef>
    <defName>Sculpt_Start</defName>  
    <context>MapOnly</context>
    <eventNames />  
    <subSounds>
      <li>
        <grains>
          <li Class="AudioGrain_Clip">
            <clipPath>Interact/Work/Sculpt/SculptingStart_1a</clipPath>
          </li>
        </grains>      
        <volumeRange>
          <min>10.70588</min>        
          <max>10.70588</max>
        </volumeRange>      
        <sustainLoop>False</sustainLoop>
      </li>
    </subSounds>
  </SoundDef>

  <SoundDef>
    <defName>Sculpt_Stop</defName>  
    <context>MapOnly</context>
    <eventNames />  
    <subSounds>
      <li>
        <grains>
          <li Class="AudioGrain_Clip">
            <clipPath>Interact/Work/Sculpt/SculptingStop_1a</clipPath>
          </li>
        </grains>      
        <volumeRange>
          <min>10.70588</min>        
          <max>10.70588</max>
        </volumeRange>      
        <sustainLoop>False</sustainLoop>
      </li>
    </subSounds>
  </SoundDef>

  <SoundDef>
    <defName>Recipe_Surgery</defName>  
    <sustain>True</sustain>  
    <context>MapOnly</context>
    <eventNames />  
    <maxVoices>3</maxVoices>  
    <priorityMode>PrioritizeNearest</priorityMode>  
    <subSounds>
      <li>
        <muteWhenPaused>True</muteWhenPaused>      
        <grains>
          <li Class="AudioGrain_Folder">
            <clipFolderPath>Interact/Work/Surgery/Surgery_Loop</clipFolderPath>
          </li>
        </grains>      
        <volumeRange>
          <min>10</min>        
          <max>10</max>
        </volumeRange>      
        <pitchRange>
          <min>0.9541177</min>        
          <max>1.137647</max>
        </pitchRange>      
        <distRange>
          <min>10</min>        
          <max>50</max>
        </distRange>      
        <sustainLoop>False</sustainLoop>      
        <sustainIntervalRange>
          <min>0.4705882</min>        
          <max>0.8941177</max>
        </sustainIntervalRange>
      </li>
    </subSounds>
  </SoundDef>

  <SoundDef>
    <defName>Recipe_Smith</defName>  
    <sustain>True</sustain>  
    <context>MapOnly</context>
    <eventNames />  
    <maxVoices>3</maxVoices>  
    <priorityMode>PrioritizeNearest</priorityMode>  
    <subSounds>
      <li>
        <muteWhenPaused>True</muteWhenPaused>      
        <grains>
          <li Class="AudioGrain_Folder">
            <clipFolderPath>Interact/Work/Smith/Smithing_Loop</clipFolderPath>
          </li>
        </grains>      
        <volumeRange>
          <min>12</min>        
          <max>12</max>
        </volumeRange>      
        <pitchRange>
          <min>0.9541177</min>        
          <max>1.137647</max>
        </pitchRange>      
        <distRange>
          <min>10</min>        
          <max>50</max>
        </distRange>      
        <sustainLoop>False</sustainLoop>      
        <sustainIntervalRange>
          <min>0.4705882</min>        
          <max>0.8941177</max>
        </sustainIntervalRange>
      </li>
    </subSounds>
  </SoundDef>

  <SoundDef>
    <defName>Tailor_Start</defName>
    <context>MapOnly</context>
    <eventNames />
    <subSounds>
      <li>
        <grains>
          <li Class="AudioGrain_Folder">
            <clipFolderPath>Interact/Work/Tailor/Tailoring_Start</clipFolderPath>
          </li>
        </grains>
        <volumeRange>
          <min>10.70588</min>
          <max>10.70588</max>
        </volumeRange>
        <sustainLoop>False</sustainLoop>
      </li>
    </subSounds>
  </SoundDef>

  <SoundDef>
    <defName>Recipe_Tailor</defName>  
    <sustain>True</sustain>  
    <context>MapOnly</context>
    <eventNames />  
    <maxVoices>3</maxVoices>  
    <priorityMode>PrioritizeNearest</priorityMode>  
    <sustainStartSound>Tailor_Start</sustainStartSound>  
    <sustainStopSound>Tailor_Start</sustainStopSound>  
    <subSounds>
      <li>
        <muteWhenPaused>True</muteWhenPaused>      
        <grains>
          <li Class="AudioGrain_Folder">
            <clipFolderPath>Interact/Work/Tailor/Tailoring_Loop</clipFolderPath>
          </li>
        </grains>      
        <volumeRange>
          <min>10</min>        
          <max>10</max>
        </volumeRange>      
        <pitchRange>
          <min>0.9541177</min>        
          <max>1.137647</max>
        </pitchRange>      
        <distRange>
          <min>10</min>        
          <max>50</max>
        </distRange>      
        <sustainLoop>False</sustainLoop>      
        <sustainIntervalRange>
          <min>0.4705882</min>        
          <max>0.8941177</max>
        </sustainIntervalRange>
      </li>
    </subSounds>
  </SoundDef>

  <SoundDef>
    <defName>Tend_Start</defName>
    <context>MapOnly</context>
    <eventNames />
    <subSounds>
      <li>
        <grains>
          <li Class="AudioGrain_Folder">
            <clipFolderPath>Interact/Work/Tend/Tend_Start</clipFolderPath>
          </li>
        </grains>
        <volumeRange>
          <min>8</min>
          <max>8</max>
        </volumeRange>
        <sustainLoop>False</sustainLoop>
      </li>
    </subSounds>
  </SoundDef>

  <SoundDef>
    <defName>Interact_Tend</defName>
    <sustain>True</sustain>
    <context>MapOnly</context>
    <eventNames />
    <maxVoices>3</maxVoices>
    <priorityMode>PrioritizeNearest</priorityMode>
    <sustainStartSound>Tend_Start</sustainStartSound>
    <subSounds>
      <li>
        <muteWhenPaused>True</muteWhenPaused>
        <grains>
          <li Class="AudioGrain_Folder">
            <clipFolderPath>Interact/Work/Tend/Tend_Loop</clipFolderPath>
          </li>
        </grains>
        <volumeRange>
          <min>10</min>
          <max>10</max>
        </volumeRange>
        <pitchRange>
          <min>0.9541177</min>
          <max>1.137647</max>
        </pitchRange>
        <distRange>
          <min>10</min>
          <max>50</max>
        </distRange>
        <sustainLoop>False</sustainLoop>
        <sustainIntervalRange>
          <min>0.8</min>
          <max>1.6</max>
        </sustainIntervalRange>
      </li>
    </subSounds>
  </SoundDef>

  <SoundDef>
    <defName>Recipe_Machining</defName>  
    <sustain>True</sustain>  
    <context>MapOnly</context>
    <eventNames />  
    <maxVoices>3</maxVoices>  
    <priorityMode>PrioritizeNearest</priorityMode>  
    <sustainStopSound>Machining_Stop</sustainStopSound>  
    <sustainFadeoutTime>0.25</sustainFadeoutTime>  
    <subSounds>
      <li>
        <muteWhenPaused>True</muteWhenPaused>      
        <grains>
          <li Class="AudioGrain_Folder">
            <clipFolderPath>Interact/Work/Machine/Loop</clipFolderPath>
          </li>
        </grains>      
        <volumeRange>
          <min>10</min>        
          <max>10</max>
        </volumeRange>      
        <pitchRange>
          <min>0.9541177</min>        
          <max>1.137647</max>
        </pitchRange>      
        <distRange>
          <min>10</min>        
          <max>50</max>
        </distRange>      
        <sustainLoop>False</sustainLoop>
      </li>
    </subSounds>
  </SoundDef>

  <SoundDef>
    <defName>Machining_Stop</defName>
    <context>MapOnly</context>  
    <eventNames />  
    <subSounds>
      <li>
        <grains>
          <li Class="AudioGrain_Folder">
            <clipFolderPath>Interact/Work/Machine/Stop</clipFolderPath>
          </li>
        </grains>      
        <volumeRange>
          <min>10.70588</min>        
          <max>10.70588</max>
        </volumeRange>      
        <sustainLoop>False</sustainLoop>
      </li>
    </subSounds>
  </SoundDef>

  <SoundDef>
    <defName>Recipe_Brewing</defName>  
    <sustain>True</sustain>  
    <context>MapOnly</context>
    <eventNames />  
    <maxVoices>3</maxVoices>  
    <priorityMode>PrioritizeNearest</priorityMode>  
    <sustainStartSound>Brewing_Start</sustainStartSound>  
    <sustainStopSound>Brewing_Stop</sustainStopSound>  
    <sustainFadeoutTime>0.25</sustainFadeoutTime>  
    <subSounds>
      <li>
        <muteWhenPaused>True</muteWhenPaused>      
        <grains>
          <li Class="AudioGrain_Folder">
            <clipFolderPath>Interact/Work/Brew/Loop</clipFolderPath>
          </li>
        </grains>      
        <volumeRange>
          <min>10</min>        
          <max>10</max>
        </volumeRange>      
        <pitchRange>
          <min>0.9541177</min>        
          <max>1.137647</max>
        </pitchRange>      
        <distRange>
          <min>10</min>        
          <max>50</max>
        </distRange>      
        <sustainLoop>False</sustainLoop>
      </li>
    </subSounds>
  </SoundDef>

  <SoundDef>
    <defName>Brewing_Start</defName>  
    <context>MapOnly</context>
    <eventNames />  
    <subSounds>
      <li>
        <grains>
          <li Class="AudioGrain_Folder">
            <clipFolderPath>Interact/Work/Brew/Start</clipFolderPath>
          </li>
        </grains>      
        <volumeRange>
          <min>10.70588</min>        
          <max>10.70588</max>
        </volumeRange>      
        <sustainLoop>False</sustainLoop>
      </li>
    </subSounds>
  </SoundDef>

  <SoundDef>
    <defName>Brewing_Stop</defName>  
    <context>MapOnly</context>
    <eventNames />  
    <subSounds>
      <li>
        <grains>
          <li Class="AudioGrain_Folder">
            <clipFolderPath>Interact/Work/Brew/Stop</clipFolderPath>
          </li>
        </grains>      
        <volumeRange>
          <min>8.380299</min>        
          <max>8.380299</max>
        </volumeRange>      
        <sustainLoop>False</sustainLoop>
      </li>
    </subSounds>
  </SoundDef>

</Defs>
