﻿<?xml version="1.0" encoding="utf-8" ?>
<Defs>

  <HediffDef>
    <defName>BloodLoss</defName>
    <label>blood loss</label>
    <lethalSeverity>1</lethalSeverity>
    <stages>
      <li>
        <label>minor</label>
        <becomeVisible>false</becomeVisible>
      </li>
      <li>
        <minSeverity>0.15</minSeverity>
        <label>minor</label>
        <capMods>
          <li>
            <capacity>Consciousness</capacity>
            <offset>-0.1</offset>
          </li>
        </capMods>
      </li>
      <li>
        <minSeverity>0.30</minSeverity>
        <label>moderate</label>
        <capMods>
          <li>
            <capacity>Consciousness</capacity>
            <offset>-0.2</offset>
          </li>
        </capMods>
      </li>
      <li>
        <minSeverity>0.45</minSeverity>
        <label>severe</label>
        <capMods>
          <li>
            <capacity>Consciousness</capacity>
            <offset>-0.4</offset>
          </li>
        </capMods>
      </li>
      <li>
        <minSeverity>0.60</minSeverity>
        <label>extreme</label>
        <lifeThreatening>true</lifeThreatening>
        <capMods>
          <li>
            <capacity>Consciousness</capacity>
            <setMax>0.1</setMax>
          </li>
        </capMods>
      </li>
    </stages>
  </HediffDef>


  <HediffDef Name="DiseaseBase" Abstract="True">
    <hediffClass>HediffWithComps</hediffClass>
    <defaultLabelColor>(0.8, 0.8, 0.35)</defaultLabelColor>
    <initialSeverity>0.001</initialSeverity>
  </HediffDef>

  <HediffDef ParentName="DiseaseBase">
    <defName>Anesthetic</defName>
    <label>anesthetic</label>
    <isBad>false</isBad>
    <comps>
      <li Class="HediffCompProperties_Disappears">
        <disappearsAfterTicks>
          <min>15000</min>
          <max>15000</max>
        </disappearsAfterTicks>
      </li>
    </comps>
    <stages>
      <li>
        <capMods>
          <li>
            <capacity>Consciousness</capacity>
            <setMax>0.1</setMax>
          </li>
        </capMods>
      </li>
    </stages>
  </HediffDef>

  <HediffDef ParentName="DiseaseBase">
    <defName>CatatonicBreakdown</defName>
    <label>catatonic breakdown</label>
    <labelNoun>a catatonic breakdown</labelNoun>
    <comps>
      <li Class="HediffCompProperties_Disappears">
        <disappearsAfterTicks>
          <min>100000</min>
          <max>300000</max>
        </disappearsAfterTicks>
      </li>
      <li Class="HediffCompProperties_RecoveryThought">
        <thought>Catharsis</thought>
      </li>
    </comps>
    <stages>
      <li>
        <capMods>
          <li>
            <capacity>Consciousness</capacity>
            <setMax>0.1</setMax>
          </li>
        </capMods>
      </li>
    </stages>
  </HediffDef>

  <HediffDef ParentName="DiseaseBase">
    <defName>PsychicShock</defName>
    <label>psychic shock</label>
    <labelNoun>a psychic shock</labelNoun>
    <comps>
      <li Class="HediffCompProperties_Disappears">
        <disappearsAfterTicks>
          <min>7500</min>
          <max>7500</max>
        </disappearsAfterTicks>
      </li>
    </comps>
    <stages>
      <li>
        <capMods>
          <li>
            <capacity>Consciousness</capacity>
            <setMax>0.1</setMax>
          </li>
        </capMods>
      </li>
    </stages>
  </HediffDef>
  
  <HediffDef ParentName="DiseaseBase">
    <defName>CryptosleepSickness</defName>
    <label>cryptosleep sickness</label>
    <makesSickThought>true</makesSickThought>
    <scenarioCanAdd>true</scenarioCanAdd>
    <comps>
      <li Class="HediffCompProperties_Disappears">
        <disappearsAfterTicks>
          <min>8000</min>
          <max>12000</max>
        </disappearsAfterTicks>
      </li>
    </comps>
    <stages>
      <li>
        <vomitMtbDays>0.125</vomitMtbDays>
        <capMods>
          <li>
            <capacity>Consciousness</capacity>
            <postFactor>0.8</postFactor>
          </li>
					<li>
						<capacity>Moving</capacity>
						<postFactor>0.9</postFactor>
					</li>
					<li>
						<capacity>Manipulation</capacity>
						<postFactor>0.9</postFactor>
					</li>
        </capMods>
      </li>
    </stages>
  </HediffDef>

  <HediffDef ParentName="DiseaseBase">
    <defName>FoodPoisoning</defName>
    <label>food poisoning</label>
    <scenarioCanAdd>true</scenarioCanAdd>
    <initialSeverity>1</initialSeverity>
    <comps>
      <li Class="HediffCompProperties_SeverityPerDay">
        <severityPerDay>-1</severityPerDay>
      </li>
    </comps>
    <stages>
      <li>
        <label>recovering</label>
        <vomitMtbDays>0.4</vomitMtbDays>
        <painOffset>0.2</painOffset>
        <capMods>
          <li>
            <capacity>Consciousness</capacity>
            <postFactor>0.6</postFactor>
          </li>
          <li>
            <capacity>Moving</capacity>
            <postFactor>0.8</postFactor>
          </li>
          <li>
            <capacity>Manipulation</capacity>
            <postFactor>0.9</postFactor>
          </li>
          <li>
            <capacity>BloodFiltration</capacity>
            <postFactor>0.95</postFactor>
          </li>
          <li>
            <capacity>Eating</capacity>
            <postFactor>0.5</postFactor>
          </li>
        </capMods>
      </li>
      <li>
        <label>major</label>
        <minSeverity>0.2</minSeverity>
        <vomitMtbDays>0.2</vomitMtbDays>
        <painOffset>0.4</painOffset>
        <capMods>
          <li>
            <capacity>Consciousness</capacity>
            <postFactor>0.5</postFactor>
          </li>
          <li>
            <capacity>Moving</capacity>
            <postFactor>0.5</postFactor>
          </li>
          <li>
            <capacity>Manipulation</capacity>
            <postFactor>0.8</postFactor>
          </li>
          <li>
            <capacity>BloodFiltration</capacity>
            <postFactor>0.85</postFactor>
          </li>
          <li>
            <capacity>Talking</capacity>
            <postFactor>0.8</postFactor>
          </li>
          <li>
            <capacity>Eating</capacity>
            <postFactor>0.3</postFactor>
          </li>
        </capMods>
      </li>
      <li>
        <label>initial</label>
        <minSeverity>0.8</minSeverity>
        <vomitMtbDays>0.3</vomitMtbDays>
        <painOffset>0.2</painOffset>
        <capMods>
          <li>
            <capacity>Consciousness</capacity>
						<postFactor>0.6</postFactor>
          </li>
          <li>
            <capacity>Moving</capacity>
            <postFactor>0.8</postFactor>
          </li>
          <li>
            <capacity>Manipulation</capacity>
            <postFactor>0.9</postFactor>
          </li>
          <li>
            <capacity>BloodFiltration</capacity>
            <postFactor>0.95</postFactor>
          </li>
          <li>
            <capacity>Eating</capacity>
            <postFactor>0.5</postFactor>
          </li>
        </capMods>
      </li>
    </stages>
  </HediffDef>

  <HediffDef>
    <defName>ToxicBuildup</defName>
    <hediffClass>HediffWithComps</hediffClass>
    <defaultLabelColor>(0.7, 1.0, 0.7)</defaultLabelColor>
    <label>toxic buildup</label>
    <lethalSeverity>1</lethalSeverity>
    <makesSickThought>true</makesSickThought>
    <scenarioCanAdd>true</scenarioCanAdd>
    <taleOnVisible>ToxicityRevealed</taleOnVisible>
    <comps>
      <li Class="HediffCompProperties_Immunizable">
        <severityPerDayNotImmune>-0.08</severityPerDayNotImmune>
      </li>
    </comps>
    <stages>
      <li>
        <label>initial</label>
        <becomeVisible>false</becomeVisible>
      </li>
      <li>
        <label>initial</label>
        <minSeverity>0.04</minSeverity>
        <capMods>
          <li>
            <capacity>Consciousness</capacity>
            <offset>-0.05</offset>
          </li>
        </capMods>
      </li>
      <li>
        <label>minor</label>
        <minSeverity>0.2</minSeverity>
        <capMods>
          <li>
            <capacity>Consciousness</capacity>
            <offset>-0.10</offset>
          </li>
        </capMods>
      </li>
      <li>
        <label>moderate</label>
        <minSeverity>0.40</minSeverity>
        <vomitMtbDays>5</vomitMtbDays>
        <capMods>
          <li>
            <capacity>Consciousness</capacity>
            <offset>-0.15</offset>
          </li>
        </capMods>
        <hediffGivers>
          <li Class="HediffGiver_Random">
            <hediff>Dementia</hediff>
            <mtbDays>146</mtbDays>
            <partsToAffect>
              <li>Brain</li>
            </partsToAffect>
          </li>
          <li Class="HediffGiver_Random">
            <hediff>Carcinoma</hediff>
            <mtbDays>438</mtbDays>
            <canAffectAnyLivePart>true</canAffectAnyLivePart>
          </li>
        </hediffGivers>
      </li>
      <li>
        <label>serious</label>
        <minSeverity>0.60</minSeverity>
        <vomitMtbDays>1</vomitMtbDays>
        <capMods>
          <li>
            <capacity>Consciousness</capacity>
            <offset>-0.25</offset>
          </li>
        </capMods>
        <hediffGivers>
          <li Class="HediffGiver_Random">
            <hediff>Dementia</hediff>
            <mtbDays>37</mtbDays>
            <partsToAffect>
              <li>Brain</li>
            </partsToAffect>
          </li>
          <li Class="HediffGiver_Random">
            <hediff>Carcinoma</hediff>
            <mtbDays>111</mtbDays>
            <canAffectAnyLivePart>true</canAffectAnyLivePart>
          </li>
        </hediffGivers>
      </li>
      <li>
        <label>extreme</label>
        <minSeverity>0.80</minSeverity>
        <vomitMtbDays>0.5</vomitMtbDays>
        <capMods>
          <li>
            <capacity>Consciousness</capacity>
            <setMax>0.10</setMax>
          </li>
        </capMods>
        <hediffGivers>
          <li Class="HediffGiver_Random">
            <hediff>Dementia</hediff>
            <mtbDays>13</mtbDays>
            <partsToAffect>
              <li>Brain</li>
            </partsToAffect>
          </li>
          <li Class="HediffGiver_Random">
            <hediff>Carcinoma</hediff>
            <mtbDays>39</mtbDays>
            <canAffectAnyLivePart>true</canAffectAnyLivePart>
          </li>
        </hediffGivers>
      </li>
    </stages>
  </HediffDef>

  <HediffDef>
    <defName>Pregnant</defName>
    <hediffClass>Hediff_Pregnant</hediffClass>
    <defaultLabelColor>(0.7, 1.0, 0.7)</defaultLabelColor>
    <isBad>false</isBad>
    <initialSeverity>0.001</initialSeverity>
    <label>pregnant</label>
    <labelNoun>pregnancy</labelNoun>
    <comps>
      <li Class="HediffCompProperties_Discoverable">
        <sendLetterWhenDiscovered>true</sendLetterWhenDiscovered>
        <discoverLetterLabel>{0} pregnant</discoverLetterLabel>
        <discoverLetterText>{0} is pregnant!</discoverLetterText>
        <letterType>PositiveEvent</letterType>
        <messageType>PositiveEvent</messageType>
      </li>
    </comps>
    <stages>
      <li>
        <label>early-stage</label>
        <becomeVisible>false</becomeVisible>
        <vomitMtbDays>2.5</vomitMtbDays>
      </li>
      <li>
        <label>middle-stage</label>
        <minSeverity>0.333</minSeverity>
        <capMods>
          <li>
            <capacity>Moving</capacity>
            <offset>-0.15</offset>
          </li>
        </capMods>
      </li>
      <li>
        <label>late-stage</label>
        <minSeverity>0.666</minSeverity>
        <vomitMtbDays>2</vomitMtbDays>
        <capMods>
          <li>
            <capacity>Moving</capacity>
            <offset>-0.30</offset>
          </li>
        </capMods>
      </li>
    </stages>
  </HediffDef>

  <HediffDef>
    <defName>HeartAttack</defName>
    <hediffClass>Hediff_HeartAttack</hediffClass>
    <defaultLabelColor>(1, 0.2, 0.2)</defaultLabelColor>
    <label>heart attack</label>
    <labelNoun>a heart attack</labelNoun>
    <initialSeverity>0.4</initialSeverity>
    <lethalSeverity>1</lethalSeverity>
    <tendable>true</tendable>
    <stages>
      <li>
        <label>painful</label>
        <lifeThreatening>true</lifeThreatening>
        <painOffset>0.4</painOffset>
        <capMods>
          <li>
            <capacity>Consciousness</capacity>
						<postFactor>0.5</postFactor>
          </li>
        </capMods>
      </li>
      <li>
        <label>debilitating</label>
        <minSeverity>0.6</minSeverity>
        <lifeThreatening>true</lifeThreatening>
        <painOffset>0.6</painOffset>
        <capMods>
          <li>
            <capacity>Consciousness</capacity>
            <setMax>0.1</setMax>
          </li>
        </capMods>
      </li>
      <li>
        <label>fatal</label>
        <minSeverity>1</minSeverity>
      </li>
    </stages>
  </HediffDef>

  <HediffDef>
    <defName>DrugOverdose</defName>
    <label>drug overdose</label>
    <labelNoun>a drug overdose</labelNoun>
    <hediffClass>HediffWithComps</hediffClass>
    <defaultLabelColor>(1,0,0.5)</defaultLabelColor>
    <lethalSeverity>1</lethalSeverity>
    <comps>
      <li Class="HediffCompProperties_Immunizable">
        <severityPerDayNotImmune>-1</severityPerDayNotImmune>
      </li>
      <li Class="HediffCompProperties_Discoverable">
        <sendLetterWhenDiscovered>true</sendLetterWhenDiscovered>
        <discoverLetterLabel>Overdose: {0}</discoverLetterLabel>
        <discoverLetterText>{0} is overdosing!</discoverLetterText>
      </li>
    </comps>
    <stages>
      <li>
        <label>minor</label>
        <becomeVisible>false</becomeVisible>
      </li>
      <li>
        <label>minor</label>
        <minSeverity>0.50</minSeverity>
        <vomitMtbDays>0.30</vomitMtbDays>
        <capMods>
          <li>
            <capacity>Consciousness</capacity>
            <setMax>0.5</setMax>
          </li>
        </capMods>
      </li>
      <li>
        <label>major</label>
        <minSeverity>0.75</minSeverity>
        <deathMtbDays>3.0</deathMtbDays>
        <capMods>
          <li>
            <capacity>Consciousness</capacity>
            <setMax>0.1</setMax>
          </li>
        </capMods>
				<hediffGivers>
					<li Class="HediffGiver_Random">
						<hediff>ChemicalDamageModerate</hediff>
						<mtbDays>2.5</mtbDays>
						<partsToAffect>
							<li>Brain</li>
						</partsToAffect>
					</li>
				</hediffGivers>
      </li>
    </stages>
  </HediffDef>

  <HediffDef ParentName="DiseaseBase">
    <defName>ResurrectionSickness</defName>
    <label>resurrection sickness</label>
    <comps>
      <li Class="HediffCompProperties_Disappears">
        <disappearsAfterTicks>
          <min>90000</min>
          <max>150000</max>
        </disappearsAfterTicks>
      </li>
    </comps>
    <stages>
      <li>
        <vomitMtbDays>0.5</vomitMtbDays>
        <capMods>
          <li>
            <capacity>Moving</capacity>
            <postFactor>0.1</postFactor>
          </li>
          <li>
            <capacity>Manipulation</capacity>
            <postFactor>0.1</postFactor>
          </li>
        </capMods>
      </li>
    </stages>
  </HediffDef>

</Defs>