﻿<?xml version="1.0" encoding="utf-8" ?>

<Defs>


<RulePackDef>
  <defName>GRGlobal</defName>
  <rulePack>
    <rulesStrings>
      <li>crudefemalebodypart->tits</li>
      <li>crudefemalebodypart->breasts</li>
      <li>crudefemalebodypart->ass</li>
      <li>crudefemalebodypart->legs</li>
      <li>crudefemalebodypart->thighs</li>
      <li>crudefemalebodypart->hips</li>
      <li>crudemalebodypart->abs</li>
      <li>crudemalebodypart->chest</li>
      <li>crudemalebodypart->crotch</li>
      <li>crudemalebodypart->package</li>
      <li>crudemalebodypart->ass</li>
      <li>crudemalebodypart->glutes</li>
      <li>crudemalebodypart->biceps</li>
      <li>insultfemale->bitch</li>
      <li>insultfemale->witch</li>
      <li>insultfemale->slut</li>
      <li>insultfemale->harlot</li>
      <li>insultfemale->battleaxe</li>
      <li>insultfemale->shrew</li>
      <li>insultfemale->prude</li>
      <li>insultfemale->hag</li>
      <li>insultfemale->tramp</li>
      <li>insultfemale->bint</li>
      <li>insultfemale->trollop</li>
      <li>insultmale->cock</li>
      <li>insultmale->dick</li>
      <li>insultmale->wanker</li>
      <li>insultmale->douche</li>
      <li>insultmale->douchebag</li>
      <li>insultmale->pansy</li>
      <li>insultmale->ponce</li>
      <li>insultmale->pussy</li>
      <li>insultmale->bitch</li>
      <li>insultmale->dog</li>
      <li>lovelybodypart->eyes</li>
      <li>lovelybodypart->hair</li>
      <li>lovelybodypart->smile</li>

    </rulesStrings>
    <!--
    <rulesRaw>
      <li Class="Rule_File">
        <keyword>crudefemalebodypart</keyword>
        <path>Words/Nouns/Crude_Female</path>
      </li>
      <li Class="Rule_File">
        <keyword>crudemalebodypart</keyword>
        <path>Words/Nouns/Crude_Male</path>
      </li>
      <li Class="Rule_File">
        <keyword>insultfemale</keyword>
        <path>Words/Nouns/Insult_Female</path>
      </li>
      <li Class="Rule_File">
        <keyword>insultmale</keyword>
        <path>Words/Nouns/Insult_Male</path>
      </li>
      <li Class="Rule_File">
        <keyword>lovelybodypart</keyword>
        <path>Words/Nouns/Lovely_BodyPart</path>
      </li>
      
    </rulesRaw>
    -->
  </rulePack>
</RulePackDef>
  
  </Defs>