﻿<?xml version="1.0" encoding="utf-8" ?>
<Defs>
  
  <TaleDef>
    <defName>BondedWithAnimal</defName>
    <label>bond developed</label>
    <taleClass>Tale_DoublePawn</taleClass>
    <type>Volatile</type>
    <firstPawnSymbol>HUMAN</firstPawnSymbol>
    <secondPawnSymbol>ANIMAL</secondPawnSymbol>
    <baseInterest>6</baseInterest>
    <rulePack>
      <rulesStrings>
        <li>tale_noun->[HUMAN_nameDef]'s bonding with [ANIMAL_nameDef]</li>
        <li>image->[HUMAN_nameFull] bonding with [ANIMAL_nameFull] [circumstance_group]</li>
        <li>image->[HUMAN_nameFull] forming a deep bond with [ANIMAL_nameFull] [circumstance_group]</li>
        <li>image->[HUMAN_nameFull] realizing [HUMAN_possessive] truly loves [ANIMAL_nameFull] [circumstance_group]</li>
        <li>circumstance_phrase->while other animals look on</li>
        <li>circumstance_phrase->while looking into [ANIMAL_nameDef]'s eyes</li>
        <li>circumstance_phrase->with a sense of satisfaction</li>
        <li>desc_sentence->[ANIMAL_nameDef] is snuggling up against [HUMAN_nameDef].</li>
        <li>desc_sentence->[ANIMAL_nameDef] looks sleepy and drunk with love.</li>
        <li>desc_sentence->[ANIMAL_nameDef] stands tall and looks noble.</li>
        <li>desc_sentence->[ANIMAL_nameDef] is responding positively.</li>
      </rulesStrings>
    </rulePack>
  </TaleDef>

  <TaleDef>
    <defName>BecameLover</defName>
    <label>became lover</label>
    <taleClass>Tale_DoublePawn</taleClass>
    <type>Volatile</type>
    <baseInterest>10</baseInterest>
    <firstPawnSymbol>PURSUER</firstPawnSymbol>
    <secondPawnSymbol>ACCEPTER</secondPawnSymbol>
    <rulePack>
      <rulesStrings>
        <li>tale_noun->[PURSUER_nameDef] and [ACCEPTER_nameDef] becoming lovers</li>
        <li>image->[PURSUER_nameFull] whispering sweet nothings into [ACCEPTER_nameFull]'s ear [circumstance_group]</li>
        <li>image->[PURSUER_nameFull] leading [ACCEPTER_nameFull] by the hand into bed [circumstance_group]</li>
        <li>image->[PURSUER_nameFull] gambolling in bed with [ACCEPTER_nameFull] [circumstance_group]</li>
        <li>image->[PURSUER_nameFull] deeply kissing [ACCEPTER_nameFull] [circumstance_group]</li>
        <li>circumstance_phrase->in an unrealistically large bed</li>
        <li>circumstance_phrase->between the sheets</li>
        <li>circumstance_phrase->with few clothes in sight</li>
        <li>circumstance_phrase->while both are drenched in sweat</li>
        <li>desc_sentence->[PURSUER_nameDef] is snuggling up against [ACCEPTER_nameDef].</li>
        <li>desc_sentence->[PURSUER_nameDef] is locking eyes with [ACCEPTER_nameDef].</li>
        <li>desc_sentence->[PURSUER_nameDef] is blowing air at [ACCEPTER_nameDef].</li>
        <li>desc_sentence->[PURSUER_nameDef] is stylistically bonded with [ACCEPTER_nameDef].</li>
        <li>desc_sentence->[PURSUER_nameDef] is a near-mirror image of [ACCEPTER_nameDef].</li>
        <li>desc_sentence->[PURSUER_nameDef] is touching [ACCEPTER_nameDef] aggressively.</li>
      </rulesStrings>
    </rulePack>
  </TaleDef>

  <TaleDef>
    <defName>Breakup</defName>
    <label>breakup</label>
    <taleClass>Tale_DoublePawn</taleClass>
    <type>Volatile</type>
    <baseInterest>10</baseInterest>
    <firstPawnSymbol>DUMPER</firstPawnSymbol>
    <secondPawnSymbol>REJECTED</secondPawnSymbol>
    <rulePack>
      <rulesStrings>
        <li>tale_noun->the breakup of [DUMPER_nameDef] and [REJECTED_nameDef]</li>
        <li>image->[DUMPER_nameFull] sitting [REJECTED_nameFull] down for an unpleasant talk [circumstance_group]</li>
        <li>image->[DUMPER_nameFull] standing at a distance from [REJECTED_nameFull] [circumstance_group]</li>
        <li>image->[DUMPER_nameFull] pushing [REJECTED_nameFull] out of bed [circumstance_group]</li>
        <li>image->[DUMPER_nameFull] rejecting a hug from [REJECTED_nameFull] [circumstance_group]</li>
        <li>circumstance_phrase->in a moment of great sadness</li>
        <li>circumstance_phrase->as others look away awkwardly</li>
        <li>circumstance_phrase->as others look on</li>
        <li>desc_sentence->[REJECTED_nameDef] is sobbing uncontrollably.</li>
        <li>desc_sentence->[REJECTED_nameDef] is sneering and crying at the same time.</li>
        <li>desc_sentence->[REJECTED_nameDef] is stony-faced with shock.</li>
        <li>desc_sentence->[DUMPER_nameDef] is stylistically separated from [REJECTED_nameDef].</li>
        <li>desc_sentence->[REJECTED_nameDef] has collapsed on the floor in a quivering heap.</li>
        <li>desc_sentence->[REJECTED_nameDef] is gesticulating angrily at [DUMPER_nameDef].</li>
      </rulesStrings>
    </rulePack>
  </TaleDef>

  <TaleDef>
    <defName>Marriage</defName>
    <label>marriage</label>
    <taleClass>Tale_DoublePawn</taleClass>
    <type>PermanentHistorical</type>
    <baseInterest>16</baseInterest>
    <historyGraphColor>(1,1,1)</historyGraphColor>
    <firstPawnSymbol>SPOUSE1</firstPawnSymbol>
    <secondPawnSymbol>SPOUSE2</secondPawnSymbol>
    <rulePack>
      <rulesStrings>
        <li>tale_noun->the marriage of [SPOUSE1_nameDef] and [SPOUSE2_nameDef]</li>
        <li>image->[SPOUSE1_nameFull] marrying [SPOUSE2_nameFull] [circumstance_group]</li>
        <li>image->[SPOUSE1_nameFull] saying [SPOUSE1_possessive] marriage vows to [SPOUSE2_nameFull] [circumstance_group]</li>
        <li>image->[SPOUSE1_nameFull] walking down the aisle with [SPOUSE2_nameFull] [circumstance_group]</li>
        <li>image->[SPOUSE1_nameFull] holding hands with [SPOUSE2_nameFull] during a marriage ceremony [circumstance_group]</li>
        <li>circumstance_phrase->in a dignified ceremony</li>
        <li>circumstance_phrase->while both laugh gaily</li>
        <li>circumstance_phrase->while others look on solemnly</li>
        <li>desc_sentence->[SPOUSE1_nameDef] is snuggling up against [SPOUSE2_nameDef].</li>
        <li>desc_sentence->[SPOUSE1_nameDef] is locking eyes with [SPOUSE2_nameDef].</li>
        <li>desc_sentence->[SPOUSE1_nameDef] is blowing air at [SPOUSE2_nameDef].</li>
        <li>desc_sentence->[SPOUSE1_nameDef] is stylistically bonded with [SPOUSE2_nameDef].</li>
        <li>desc_sentence->[SPOUSE1_nameDef] is a near-mirror image of [SPOUSE2_nameDef].</li>
        <li>desc_sentence->[SPOUSE1_nameDef] is touching [SPOUSE2_nameDef] aggressively.</li>
      </rulesStrings>
    </rulePack>
  </TaleDef>

</Defs>
